strike,mid_price,iv_market,T,maturity,moneyness,underlying,snapshot_date,S0_SPX,S0_VIX,r_rate,q_div
6850.0,58.599999999999994,0.14555868509788186,0.0273972602739726,2026-04-20,1.002730046341813,SPX,2026-04-09,6831.35009765625,19.75,0.03584999799728394,0.015
6875.0,44.900000000000006,0.13879621104564954,0.0273972602739726,2026-04-20,1.0063896450510896,SPX,2026-04-09,6831.35009765625,19.75,0.03584999799728394,0.015
6900.0,33.400000000000006,0.1331087583693677,0.0273972602739726,2026-04-20,1.0100492437603663,SPX,2026-04-09,6831.35009765625,19.75,0.03584999799728394,0.015
6925.0,23.9,0.12789125074811414,0.0273972602739726,2026-04-20,1.013708842469643,SPX,2026-04-09,6831.35009765625,19.75,0.03584999799728394,0.015
6950.0,16.450000000000003,0.12336590176600525,0.0273972602739726,2026-04-20,1.0173684411789197,SPX,2026-04-09,6831.35009765625,19.75,0.03584999799728394,0.015
6975.0,10.85,0.11941179532470698,0.0273972602739726,2026-04-20,1.0210280398881963,SPX,2026-04-09,6831.35009765625,19.75,0.03584999799728394,0.015
7000.0,7.0,0.11671942031285362,0.0273972602739726,2026-04-20,1.024687638597473,SPX,2026-04-09,6831.35009765625,19.75,0.03584999799728394,0.015
7025.0,4.449999999999999,0.1150834824794245,0.0273972602739726,2026-04-20,1.0283472373067497,SPX,2026-04-09,6831.35009765625,19.75,0.03584999799728394,0.015
7050.0,2.975,0.11568294835134872,0.0273972602739726,2026-04-20,1.0320068360160264,SPX,2026-04-09,6831.35009765625,19.75,0.03584999799728394,0.015
7075.0,1.9749999999999999,0.1165316258812728,0.0273972602739726,2026-04-20,1.035666434725303,SPX,2026-04-09,6831.35009765625,19.75,0.03584999799728394,0.015
7100.0,1.475,0.11998134618456442,0.0273972602739726,2026-04-20,1.0393260334345797,SPX,2026-04-09,6831.35009765625,19.75,0.03584999799728394,0.015
7125.0,1.1,0.12327191889331324,0.0273972602739726,2026-04-20,1.0429856321438566,SPX,2026-04-09,6831.35009765625,19.75,0.03584999799728394,0.015
7150.0,0.875,0.1276173862732956,0.0273972602739726,2026-04-20,1.0466452308531333,SPX,2026-04-09,6831.35009765625,19.75,0.03584999799728394,0.015
7175.0,0.7250000000000001,0.13250188609345598,0.0273972602739726,2026-04-20,1.05030482956241,SPX,2026-04-09,6831.35009765625,19.75,0.03584999799728394,0.015
7200.0,0.625,0.13789255510289666,0.0273972602739726,2026-04-20,1.0539644282716867,SPX,2026-04-09,6831.35009765625,19.75,0.03584999799728394,0.015
6850.0,62.900000000000006,0.1475252751009222,0.030136986301369864,2026-04-21,1.002730046341813,SPX,2026-04-09,6831.35009765625,19.75,0.03584999799728394,0.015
6875.0,49.5,0.14199000579982624,0.030136986301369864,2026-04-21,1.0063896450510896,SPX,2026-04-09,6831.35009765625,19.75,0.03584999799728394,0.015
6900.0,37.5,0.1360090763785511,0.030136986301369864,2026-04-21,1.0100492437603663,SPX,2026-04-09,6831.35009765625,19.75,0.03584999799728394,0.015
6925.0,27.3,0.13019883569284588,0.030136986301369864,2026-04-21,1.013708842469643,SPX,2026-04-09,6831.35009765625,19.75,0.03584999799728394,0.015
6950.0,19.5,0.12609726803090351,0.030136986301369864,2026-04-21,1.0173684411789197,SPX,2026-04-09,6831.35009765625,19.75,0.03584999799728394,0.015
6975.0,13.35,0.12215790954957323,0.030136986301369864,2026-04-21,1.0210280398881963,SPX,2026-04-09,6831.35009765625,19.75,0.03584999799728394,0.015
7000.0,8.899999999999999,0.11915055750146966,0.030136986301369864,2026-04-21,1.024687638597473,SPX,2026-04-09,6831.35009765625,19.75,0.03584999799728394,0.015
7025.0,5.85,0.11721245287838003,0.030136986301369864,2026-04-21,1.0283472373067497,SPX,2026-04-09,6831.35009765625,19.75,0.03584999799728394,0.015
7050.0,3.85,0.11639236197417202,0.030136986301369864,2026-04-21,1.0320068360160264,SPX,2026-04-09,6831.35009765625,19.75,0.03584999799728394,0.015
7075.0,2.6,0.11686681676353554,0.030136986301369864,2026-04-21,1.035666434725303,SPX,2026-04-09,6831.35009765625,19.75,0.03584999799728394,0.015
7100.0,1.85,0.11877574102864209,0.030136986301369864,2026-04-21,1.0393260334345797,SPX,2026-04-09,6831.35009765625,19.75,0.03584999799728394,0.015
7125.0,1.375,0.1215950207144423,0.030136986301369864,2026-04-21,1.0429856321438566,SPX,2026-04-09,6831.35009765625,19.75,0.03584999799728394,0.015
7150.0,1.075,0.12528635259472914,0.030136986301369864,2026-04-21,1.0466452308531333,SPX,2026-04-09,6831.35009765625,19.75,0.03584999799728394,0.015
7175.0,0.8500000000000001,0.12902783729853012,0.030136986301369864,2026-04-21,1.05030482956241,SPX,2026-04-09,6831.35009765625,19.75,0.03584999799728394,0.015
7200.0,0.7250000000000001,0.1339693844335753,0.030136986301369864,2026-04-21,1.0539644282716867,SPX,2026-04-09,6831.35009765625,19.75,0.03584999799728394,0.015
6850.0,67.9,0.1510266488340344,0.03287671232876712,2026-04-22,1.002730046341813,SPX,2026-04-09,6831.35009765625,19.75,0.03584999799728394,0.015
6875.0,53.85,0.14462646545836996,0.03287671232876712,2026-04-22,1.0063896450510896,SPX,2026-04-09,6831.35009765625,19.75,0.03584999799728394,0.015
6900.0,41.900000000000006,0.13946638596672353,0.03287671232876712,2026-04-22,1.0100492437603663,SPX,2026-04-09,6831.35009765625,19.75,0.03584999799728394,0.015
6925.0,31.049999999999997,0.1331922853782659,0.03287671232876712,2026-04-22,1.013708842469643,SPX,2026-04-09,6831.35009765625,19.75,0.03584999799728394,0.015
6950.0,22.8,0.1291521992875371,0.03287671232876712,2026-04-22,1.0173684411789197,SPX,2026-04-09,6831.35009765625,19.75,0.03584999799728394,0.015
6975.0,15.85,0.12440544677385845,0.03287671232876712,2026-04-22,1.0210280398881963,SPX,2026-04-09,6831.35009765625,19.75,0.03584999799728394,0.015
7000.0,11.0,0.12167126604844752,0.03287671232876712,2026-04-22,1.024687638597473,SPX,2026-04-09,6831.35009765625,19.75,0.03584999799728394,0.015
7025.0,7.4,0.1192621926836855,0.03287671232876712,2026-04-22,1.0283472373067497,SPX,2026-04-09,6831.35009765625,19.75,0.03584999799728394,0.015
7050.0,4.949999999999999,0.11787151949560404,0.03287671232876712,2026-04-22,1.0320068360160264,SPX,2026-04-09,6831.35009765625,19.75,0.03584999799728394,0.015
7075.0,3.4,0.1179550615805748,0.03287671232876712,2026-04-22,1.035666434725303,SPX,2026-04-09,6831.35009765625,19.75,0.03584999799728394,0.015
7100.0,2.375,0.11883192112182402,0.03287671232876712,2026-04-22,1.0393260334345797,SPX,2026-04-09,6831.35009765625,19.75,0.03584999799728394,0.015
7200.0,0.85,0.13096855520251557,0.03287671232876712,2026-04-22,1.0539644282716867,SPX,2026-04-09,6831.35009765625,19.75,0.03584999799728394,0.015
6850.0,72.3,0.1533259445022911,0.03561643835616438,2026-04-23,1.002730046341813,SPX,2026-04-09,6831.35009765625,19.75,0.03584999799728394,0.015
6875.0,58.3,0.14746103878468367,0.03561643835616438,2026-04-23,1.0063896450510896,SPX,2026-04-09,6831.35009765625,19.75,0.03584999799728394,0.015
6900.0,45.7,0.141553051304976,0.03561643835616438,2026-04-23,1.0100492437603663,SPX,2026-04-09,6831.35009765625,19.75,0.03584999799728394,0.015
6925.0,34.95,0.1363286145801626,0.03561643835616438,2026-04-23,1.013708842469643,SPX,2026-04-09,6831.35009765625,19.75,0.03584999799728394,0.015
6950.0,25.950000000000003,0.1315351218787041,0.03561643835616438,2026-04-23,1.0173684411789197,SPX,2026-04-09,6831.35009765625,19.75,0.03584999799728394,0.015
6975.0,18.6,0.12700848258847192,0.03561643835616438,2026-04-23,1.0210280398881963,SPX,2026-04-09,6831.35009765625,19.75,0.03584999799728394,0.015
7000.0,13.3,0.12430390175022198,0.03561643835616438,2026-04-23,1.024687638597473,SPX,2026-04-09,6831.35009765625,19.75,0.03584999799728394,0.015
7025.0,9.2,0.12169647135752329,0.03561643835616438,2026-04-23,1.0283472373067497,SPX,2026-04-09,6831.35009765625,19.75,0.03584999799728394,0.015
7050.0,6.25,0.11972902606910407,0.03561643835616438,2026-04-23,1.0320068360160264,SPX,2026-04-09,6831.35009765625,19.75,0.03584999799728394,0.015
7100.0,3.1,0.12003184134420013,0.03561643835616438,2026-04-23,1.0393260334345797,SPX,2026-04-09,6831.35009765625,19.75,0.03584999799728394,0.015
7200.0,1.025,0.12909454066027415,0.03561643835616438,2026-04-23,1.0539644282716867,SPX,2026-04-09,6831.35009765625,19.75,0.03584999799728394,0.015
6840.0,83.1,0.15871419455847735,0.038356164383561646,2026-04-24,1.0012662068581022,SPX,2026-04-09,6831.35009765625,19.75,0.03584999799728394,0.015
6850.0,77.25,0.15670235312204753,0.038356164383561646,2026-04-24,1.002730046341813,SPX,2026-04-09,6831.35009765625,19.75,0.03584999799728394,0.015
6860.0,71.5,0.15451390319551386,0.038356164383561646,2026-04-24,1.0041938858255237,SPX,2026-04-09,6831.35009765625,19.75,0.03584999799728394,0.015
6870.0,65.75,0.1519437430532897,0.038356164383561646,2026-04-24,1.0056577253092343,SPX,2026-04-09,6831.35009765625,19.75,0.03584999799728394,0.015
6875.0,62.95,0.15065107920647508,0.038356164383561646,2026-04-24,1.0063896450510896,SPX,2026-04-09,6831.35009765625,19.75,0.03584999799728394,0.015
6880.0,60.55,0.15001985569964713,0.038356164383561646,2026-04-24,1.007121564792945,SPX,2026-04-09,6831.35009765625,19.75,0.03584999799728394,0.015
6890.0,55.3,0.14758824682775284,0.038356164383561646,2026-04-24,1.0085854042766556,SPX,2026-04-09,6831.35009765625,19.75,0.03584999799728394,0.015
6900.0,50.15,0.1449093759018571,0.038356164383561646,2026-04-24,1.0100492437603663,SPX,2026-04-09,6831.35009765625,19.75,0.03584999799728394,0.015
6910.0,45.8,0.14335761028143645,0.038356164383561646,2026-04-24,1.011513083244077,SPX,2026-04-09,6831.35009765625,19.75,0.03584999799728394,0.015
6920.0,41.25,0.1409442652840236,0.038356164383561646,2026-04-24,1.0129769227277876,SPX,2026-04-09,6831.35009765625,19.75,0.03584999799728394,0.015
6925.0,39.2,0.14001523999017942,0.038356164383561646,2026-04-24,1.013708842469643,SPX,2026-04-09,6831.35009765625,19.75,0.03584999799728394,0.015
6930.0,37.099999999999994,0.13885867885829972,0.038356164383561646,2026-04-24,1.0144407622114984,SPX,2026-04-09,6831.35009765625,19.75,0.03584999799728394,0.015
6940.0,33.099999999999994,0.13657745754802547,0.038356164383561646,2026-04-24,1.0159046016952091,SPX,2026-04-09,6831.35009765625,19.75,0.03584999799728394,0.015
6950.0,29.5,0.1346369620938937,0.038356164383561646,2026-04-24,1.0173684411789197,SPX,2026-04-09,6831.35009765625,19.75,0.03584999799728394,0.015
6960.0,26.4,0.13330865596078637,0.038356164383561646,2026-04-24,1.0188322806626304,SPX,2026-04-09,6831.35009765625,19.75,0.03584999799728394,0.015
6970.0,23.450000000000003,0.13181762887690537,0.038356164383561646,2026-04-24,1.020296120146341,SPX,2026-04-09,6831.35009765625,19.75,0.03584999799728394,0.015
6975.0,21.950000000000003,0.1308017959974529,0.038356164383561646,2026-04-24,1.0210280398881963,SPX,2026-04-09,6831.35009765625,19.75,0.03584999799728394,0.015
6980.0,20.6,0.1300188076128636,0.038356164383561646,2026-04-24,1.0217599596300517,SPX,2026-04-09,6831.35009765625,19.75,0.03584999799728394,0.015
6990.0,18.1,0.1285528525478995,0.038356164383561646,2026-04-24,1.0232237991137625,SPX,2026-04-09,6831.35009765625,19.75,0.03584999799728394,0.015
7000.0,15.85,0.1272041293422536,0.038356164383561646,2026-04-24,1.024687638597473,SPX,2026-04-09,6831.35009765625,19.75,0.03584999799728394,0.015
7010.0,13.85,0.12601533711334217,0.038356164383561646,2026-04-24,1.0261514780811838,SPX,2026-04-09,6831.35009765625,19.75,0.03584999799728394,0.015
7025.0,11.25,0.12442888502404868,0.038356164383561646,2026-04-24,1.0283472373067497,SPX,2026-04-09,6831.35009765625,19.75,0.03584999799728394,0.015
7050.0,7.85,0.12227997029829323,0.038356164383561646,2026-04-24,1.0320068360160264,SPX,2026-04-09,6831.35009765625,19.75,0.03584999799728394,0.015
7075.0,5.5,0.121209729323403,0.038356164383561646,2026-04-24,1.035666434725303,SPX,2026-04-09,6831.35009765625,19.75,0.03584999799728394,0.015
7100.0,3.9,0.1210860995854179,0.038356164383561646,2026-04-24,1.0393260334345797,SPX,2026-04-09,6831.35009765625,19.75,0.03584999799728394,0.015
7125.0,2.7750000000000004,0.1214352647228554,0.038356164383561646,2026-04-24,1.0429856321438566,SPX,2026-04-09,6831.35009765625,19.75,0.03584999799728394,0.015
7150.0,2.0999999999999996,0.1233611583789786,0.038356164383561646,2026-04-24,1.0466452308531333,SPX,2026-04-09,6831.35009765625,19.75,0.03584999799728394,0.015
7175.0,1.575,0.12511798480869493,0.038356164383561646,2026-04-24,1.05030482956241,SPX,2026-04-09,6831.35009765625,19.75,0.03584999799728394,0.015
7200.0,1.3,0.12873451438030023,0.038356164383561646,2026-04-24,1.0539644282716867,SPX,2026-04-09,6831.35009765625,19.75,0.03584999799728394,0.015
7225.0,1.025,0.13134482795674277,0.038356164383561646,2026-04-24,1.0576240269809634,SPX,2026-04-09,6831.35009765625,19.75,0.03584999799728394,0.015
7250.0,0.875,0.13532985572936312,0.038356164383561646,2026-04-24,1.06128362569024,SPX,2026-04-09,6831.35009765625,19.75,0.03584999799728394,0.015
7300.0,0.675,0.14391660430103717,0.038356164383561646,2026-04-24,1.0686028231087934,SPX,2026-04-09,6831.35009765625,19.75,0.03584999799728394,0.015
6850.0,82.15,0.14962696610587928,0.04657534246575343,2026-04-27,1.002730046341813,SPX,2026-04-09,6831.35009765625,19.75,0.03584999799728394,0.015
6875.0,67.85,0.14432248777381898,0.04657534246575343,2026-04-27,1.0063896450510896,SPX,2026-04-09,6831.35009765625,19.75,0.03584999799728394,0.015
6900.0,55.85,0.140863507456788,0.04657534246575343,2026-04-27,1.0100492437603663,SPX,2026-04-09,6831.35009765625,19.75,0.03584999799728394,0.015
6925.0,44.3,0.13589511511548283,0.04657534246575343,2026-04-27,1.013708842469643,SPX,2026-04-09,6831.35009765625,19.75,0.03584999799728394,0.015
6950.0,34.400000000000006,0.13142375130227024,0.04657534246575343,2026-04-27,1.0173684411789197,SPX,2026-04-09,6831.35009765625,19.75,0.03584999799728394,0.015
6975.0,25.950000000000003,0.12705343967084598,0.04657534246575343,2026-04-27,1.0210280398881963,SPX,2026-04-09,6831.35009765625,19.75,0.03584999799728394,0.015
7000.0,19.450000000000003,0.12405675453378616,0.04657534246575343,2026-04-27,1.024687638597473,SPX,2026-04-09,6831.35009765625,19.75,0.03584999799728394,0.015
7025.0,14.100000000000001,0.12093183955300708,0.04657534246575343,2026-04-27,1.0283472373067497,SPX,2026-04-09,6831.35009765625,19.75,0.03584999799728394,0.015
7050.0,10.15,0.11877837744553553,0.04657534246575343,2026-04-27,1.0320068360160264,SPX,2026-04-09,6831.35009765625,19.75,0.03584999799728394,0.015
7100.0,5.15,0.11635917191438114,0.04657534246575343,2026-04-27,1.0393260334345797,SPX,2026-04-09,6831.35009765625,19.75,0.03584999799728394,0.015
7200.0,1.675,0.12119878179229236,0.04657534246575343,2026-04-27,1.0539644282716867,SPX,2026-04-09,6831.35009765625,19.75,0.03584999799728394,0.015
6850.0,86.2,0.1518125873714995,0.049315068493150684,2026-04-28,1.002730046341813,SPX,2026-04-09,6831.35009765625,19.75,0.03584999799728394,0.015
6875.0,71.75,0.14650552387621468,0.049315068493150684,2026-04-28,1.0063896450510896,SPX,2026-04-09,6831.35009765625,19.75,0.03584999799728394,0.015
6900.0,58.45,0.14110851870525862,0.049315068493150684,2026-04-28,1.0100492437603663,SPX,2026-04-09,6831.35009765625,19.75,0.03584999799728394,0.015
6925.0,46.85,0.1364181932781115,0.049315068493150684,2026-04-28,1.013708842469643,SPX,2026-04-09,6831.35009765625,19.75,0.03584999799728394,0.015
6950.0,36.8,0.13211997622527547,0.049315068493150684,2026-04-28,1.0173684411789197,SPX,2026-04-09,6831.35009765625,19.75,0.03584999799728394,0.015
6975.0,28.0,0.12760048883523092,0.049315068493150684,2026-04-28,1.0210280398881963,SPX,2026-04-09,6831.35009765625,19.75,0.03584999799728394,0.015
7000.0,21.2,0.12452134252703477,0.049315068493150684,2026-04-28,1.024687638597473,SPX,2026-04-09,6831.35009765625,19.75,0.03584999799728394,0.015
7025.0,15.5,0.12119092879958121,0.049315068493150684,2026-04-28,1.0283472373067497,SPX,2026-04-09,6831.35009765625,19.75,0.03584999799728394,0.015
7050.0,11.399999999999999,0.11931792852110305,0.049315068493150684,2026-04-28,1.0320068360160264,SPX,2026-04-09,6831.35009765625,19.75,0.03584999799728394,0.015
7100.0,5.949999999999999,0.11678523205859524,0.049315068493150684,2026-04-28,1.0393260334345797,SPX,2026-04-09,6831.35009765625,19.75,0.03584999799728394,0.015
7200.0,1.95,0.12062799600845547,0.049315068493150684,2026-04-28,1.0539644282716867,SPX,2026-04-09,6831.35009765625,19.75,0.03584999799728394,0.015
6850.0,91.35,0.15576411466228554,0.052054794520547946,2026-04-29,1.002730046341813,SPX,2026-04-09,6831.35009765625,19.75,0.03584999799728394,0.015
6875.0,76.85,0.15062041358390785,0.052054794520547946,2026-04-29,1.0063896450510896,SPX,2026-04-09,6831.35009765625,19.75,0.03584999799728394,0.015
6900.0,63.3,0.14517455173981325,0.052054794520547946,2026-04-29,1.0100492437603663,SPX,2026-04-09,6831.35009765625,19.75,0.03584999799728394,0.015
6925.0,51.25,0.1401869845701944,0.052054794520547946,2026-04-29,1.013708842469643,SPX,2026-04-09,6831.35009765625,19.75,0.03584999799728394,0.015
6950.0,40.65,0.13548625746170523,0.052054794520547946,2026-04-29,1.0173684411789197,SPX,2026-04-09,6831.35009765625,19.75,0.03584999799728394,0.015
6975.0,31.9,0.13181938324308398,0.052054794520547946,2026-04-29,1.0210280398881963,SPX,2026-04-09,6831.35009765625,19.75,0.03584999799728394,0.015
7000.0,24.4,0.12815096721555053,0.052054794520547946,2026-04-29,1.024687638597473,SPX,2026-04-09,6831.35009765625,19.75,0.03584999799728394,0.015
7025.0,18.5,0.12541467753899455,0.052054794520547946,2026-04-29,1.0283472373067497,SPX,2026-04-09,6831.35009765625,19.75,0.03584999799728394,0.015
7050.0,13.7,0.12279070015151321,0.052054794520547946,2026-04-29,1.0320068360160264,SPX,2026-04-09,6831.35009765625,19.75,0.03584999799728394,0.015
7100.0,7.449999999999999,0.11992272929508772,0.052054794520547946,2026-04-29,1.0393260334345797,SPX,2026-04-09,6831.35009765625,19.75,0.03584999799728394,0.015
7200.0,2.375,0.12128907485418618,0.052054794520547946,2026-04-29,1.0539644282716867,SPX,2026-04-09,6831.35009765625,19.75,0.03584999799728394,0.015
7400.0,0.65,0.1444570377850147,0.052054794520547946,2026-04-29,1.0832412179459001,SPX,2026-04-09,6831.35009765625,19.75,0.03584999799728394,0.015
6835.0,105.75,0.16268469369964092,0.0547945205479452,2026-04-30,1.000534287116247,SPX,2026-04-09,6831.35009765625,19.75,0.03584999799728394,0.015
6840.0,102.95,0.16216672163981308,0.0547945205479452,2026-04-30,1.0012662068581022,SPX,2026-04-09,6831.35009765625,19.75,0.03584999799728394,0.015
6845.0,99.15,0.16002010980855155,0.0547945205479452,2026-04-30,1.0019981265999576,SPX,2026-04-09,6831.35009765625,19.75,0.03584999799728394,0.015
6850.0,96.7,0.15993078489003223,0.0547945205479452,2026-04-30,1.002730046341813,SPX,2026-04-09,6831.35009765625,19.75,0.03584999799728394,0.015
6855.0,93.65,0.1588383562857402,0.0547945205479452,2026-04-30,1.0034619660836683,SPX,2026-04-09,6831.35009765625,19.75,0.03584999799728394,0.015
6860.0,90.55,0.15760413269582124,0.0547945205479452,2026-04-30,1.0041938858255237,SPX,2026-04-09,6831.35009765625,19.75,0.03584999799728394,0.015
6865.0,87.85,0.15693511022295598,0.0547945205479452,2026-04-30,1.0049258055673789,SPX,2026-04-09,6831.35009765625,19.75,0.03584999799728394,0.015
6870.0,85.0,0.15596527148452782,0.0547945205479452,2026-04-30,1.0056577253092343,SPX,2026-04-09,6831.35009765625,19.75,0.03584999799728394,0.015
6875.0,81.95,0.1546128716612444,0.0547945205479452,2026-04-30,1.0063896450510896,SPX,2026-04-09,6831.35009765625,19.75,0.03584999799728394,0.015
6880.0,78.45,0.1524769197168035,0.0547945205479452,2026-04-30,1.007121564792945,SPX,2026-04-09,6831.35009765625,19.75,0.03584999799728394,0.015
6885.0,75.8,0.15161688919722868,0.0547945205479452,2026-04-30,1.0078534845348004,SPX,2026-04-09,6831.35009765625,19.75,0.03584999799728394,0.015
6890.0,73.9,0.15188527324922985,0.0547945205479452,2026-04-30,1.0085854042766556,SPX,2026-04-09,6831.35009765625,19.75,0.03584999799728394,0.015
6895.0,71.35,0.15104934117733154,0.0547945205479452,2026-04-30,1.009317324018511,SPX,2026-04-09,6831.35009765625,19.75,0.03584999799728394,0.015
6900.0,68.2,0.14917460340323432,0.0547945205479452,2026-04-30,1.0100492437603663,SPX,2026-04-09,6831.35009765625,19.75,0.03584999799728394,0.015
6905.0,65.4,0.14778302518094882,0.0547945205479452,2026-04-30,1.0107811635022217,SPX,2026-04-09,6831.35009765625,19.75,0.03584999799728394,0.015
6910.0,63.7,0.1481056449895207,0.0547945205479452,2026-04-30,1.011513083244077,SPX,2026-04-09,6831.35009765625,19.75,0.03584999799728394,0.015
6915.0,61.05,0.14680721145747136,0.0547945205479452,2026-04-30,1.0122450029859325,SPX,2026-04-09,6831.35009765625,19.75,0.03584999799728394,0.015
6920.0,58.55,0.14567368819085222,0.0547945205479452,2026-04-30,1.0129769227277876,SPX,2026-04-09,6831.35009765625,19.75,0.03584999799728394,0.015
6925.0,56.5,0.14520810299298245,0.0547945205479452,2026-04-30,1.013708842469643,SPX,2026-04-09,6831.35009765625,19.75,0.03584999799728394,0.015
6930.0,54.05,0.14399637011078667,0.0547945205479452,2026-04-30,1.0144407622114984,SPX,2026-04-09,6831.35009765625,19.75,0.03584999799728394,0.015
6935.0,51.900000000000006,0.14320644363019114,0.0547945205479452,2026-04-30,1.0151726819533538,SPX,2026-04-09,6831.35009765625,19.75,0.03584999799728394,0.015
6940.0,49.65,0.14216399066150023,0.0547945205479452,2026-04-30,1.0159046016952091,SPX,2026-04-09,6831.35009765625,19.75,0.03584999799728394,0.015
6945.0,47.599999999999994,0.14137976840356667,0.0547945205479452,2026-04-30,1.0166365214370643,SPX,2026-04-09,6831.35009765625,19.75,0.03584999799728394,0.015
6950.0,45.75,0.14086237261108833,0.0547945205479452,2026-04-30,1.0173684411789197,SPX,2026-04-09,6831.35009765625,19.75,0.03584999799728394,0.015
6955.0,43.8,0.14008855861032662,0.0547945205479452,2026-04-30,1.018100360920775,SPX,2026-04-09,6831.35009765625,19.75,0.03584999799728394,0.015
6960.0,41.599999999999994,0.13877891604134499,0.0547945205479452,2026-04-30,1.0188322806626304,SPX,2026-04-09,6831.35009765625,19.75,0.03584999799728394,0.015
6965.0,39.900000000000006,0.13827796374994794,0.0547945205479452,2026-04-30,1.0195642004044858,SPX,2026-04-09,6831.35009765625,19.75,0.03584999799728394,0.015
6970.0,38.0,0.1373258134425185,0.0547945205479452,2026-04-30,1.020296120146341,SPX,2026-04-09,6831.35009765625,19.75,0.03584999799728394,0.015
6975.0,36.2,0.13646447952971344,0.0547945205479452,2026-04-30,1.0210280398881963,SPX,2026-04-09,6831.35009765625,19.75,0.03584999799728394,0.015
6980.0,34.599999999999994,0.13588946384894843,0.0547945205479452,2026-04-30,1.0217599596300517,SPX,2026-04-09,6831.35009765625,19.75,0.03584999799728394,0.015
6985.0,33.05,0.1353238631725809,0.0547945205479452,2026-04-30,1.022491879371907,SPX,2026-04-09,6831.35009765625,19.75,0.03584999799728394,0.015
6990.0,31.3,0.13427534859006046,0.0547945205479452,2026-04-30,1.0232237991137625,SPX,2026-04-09,6831.35009765625,19.75,0.03584999799728394,0.015
6995.0,30.0,0.1340239992580388,0.0547945205479452,2026-04-30,1.0239557188556176,SPX,2026-04-09,6831.35009765625,19.75,0.03584999799728394,0.015
7000.0,28.35,0.13297701837961134,0.0547945205479452,2026-04-30,1.024687638597473,SPX,2026-04-09,6831.35009765625,19.75,0.03584999799728394,0.015
7005.0,26.9,0.13223666391952407,0.0547945205479452,2026-04-30,1.0254195583393284,SPX,2026-04-09,6831.35009765625,19.75,0.03584999799728394,0.015
7010.0,25.6,0.13171589459494418,0.0547945205479452,2026-04-30,1.0261514780811838,SPX,2026-04-09,6831.35009765625,19.75,0.03584999799728394,0.015
7015.0,24.3,0.1311023333885357,0.0547945205479452,2026-04-30,1.0268833978230392,SPX,2026-04-09,6831.35009765625,19.75,0.03584999799728394,0.015
7020.0,23.15,0.13072555921161935,0.0547945205479452,2026-04-30,1.0276153175648945,SPX,2026-04-09,6831.35009765625,19.75,0.03584999799728394,0.015
7025.0,21.75,0.12968974321181456,0.0547945205479452,2026-04-30,1.0283472373067497,SPX,2026-04-09,6831.35009765625,19.75,0.03584999799728394,0.015
7030.0,20.6,0.1291174544718497,0.0547945205479452,2026-04-30,1.029079157048605,SPX,2026-04-09,6831.35009765625,19.75,0.03584999799728394,0.015
7035.0,19.549999999999997,0.12868525761225932,0.0547945205479452,2026-04-30,1.0298110767904605,SPX,2026-04-09,6831.35009765625,19.75,0.03584999799728394,0.015
7040.0,18.5,0.12815868509428438,0.0547945205479452,2026-04-30,1.0305429965323158,SPX,2026-04-09,6831.35009765625,19.75,0.03584999799728394,0.015
7045.0,17.6,0.12791122683242775,0.0547945205479452,2026-04-30,1.0312749162741712,SPX,2026-04-09,6831.35009765625,19.75,0.03584999799728394,0.015
7050.0,16.75,0.12770741283886367,0.0547945205479452,2026-04-30,1.0320068360160264,SPX,2026-04-09,6831.35009765625,19.75,0.03584999799728394,0.015
7055.0,15.8,0.127153394942201,0.0547945205479452,2026-04-30,1.0327387557578818,SPX,2026-04-09,6831.35009765625,19.75,0.03584999799728394,0.015
7060.0,14.85,0.12649440577592752,0.0547945205479452,2026-04-30,1.0334706754997371,SPX,2026-04-09,6831.35009765625,19.75,0.03584999799728394,0.015
7065.0,14.05,0.1261470806161947,0.0547945205479452,2026-04-30,1.0342025952415925,SPX,2026-04-09,6831.35009765625,19.75,0.03584999799728394,0.015
7070.0,13.25,0.12570523085361163,0.0547945205479452,2026-04-30,1.034934514983448,SPX,2026-04-09,6831.35009765625,19.75,0.03584999799728394,0.015
7075.0,12.45,0.12516202257106004,0.0547945205479452,2026-04-30,1.035666434725303,SPX,2026-04-09,6831.35009765625,19.75,0.03584999799728394,0.015
7080.0,11.8,0.12497604756307279,0.0547945205479452,2026-04-30,1.0363983544671584,SPX,2026-04-09,6831.35009765625,19.75,0.03584999799728394,0.015
7085.0,11.100000000000001,0.124543469520876,0.0547945205479452,2026-04-30,1.0371302742090138,SPX,2026-04-09,6831.35009765625,19.75,0.03584999799728394,0.015
7090.0,10.5,0.12433885688757622,0.0547945205479452,2026-04-30,1.0378621939508692,SPX,2026-04-09,6831.35009765625,19.75,0.03584999799728394,0.015
7095.0,9.8,0.12370235944885384,0.0547945205479452,2026-04-30,1.0385941136927246,SPX,2026-04-09,6831.35009765625,19.75,0.03584999799728394,0.015
7100.0,9.4,0.12401211530972588,0.0547945205479452,2026-04-30,1.0393260334345797,SPX,2026-04-09,6831.35009765625,19.75,0.03584999799728394,0.015
7105.0,8.8,0.12353450720128832,0.0547945205479452,2026-04-30,1.0400579531764351,SPX,2026-04-09,6831.35009765625,19.75,0.03584999799728394,0.015
7110.0,8.35,0.12351701585492512,0.0547945205479452,2026-04-30,1.0407898729182905,SPX,2026-04-09,6831.35009765625,19.75,0.03584999799728394,0.015
7115.0,7.85,0.12322657138980034,0.0547945205479452,2026-04-30,1.0415217926601459,SPX,2026-04-09,6831.35009765625,19.75,0.03584999799728394,0.015
7120.0,7.4,0.1230429641148107,0.0547945205479452,2026-04-30,1.0422537124020013,SPX,2026-04-09,6831.35009765625,19.75,0.03584999799728394,0.015
7125.0,7.0,0.12298193520636792,0.0547945205479452,2026-04-30,1.0429856321438566,SPX,2026-04-09,6831.35009765625,19.75,0.03584999799728394,0.015
7130.0,6.5,0.12240031498024133,0.0547945205479452,2026-04-30,1.0437175518857118,SPX,2026-04-09,6831.35009765625,19.75,0.03584999799728394,0.015
7135.0,6.15,0.12238410134969828,0.0547945205479452,2026-04-30,1.0444494716275672,SPX,2026-04-09,6831.35009765625,19.75,0.03584999799728394,0.015
7140.0,5.8,0.12229067427342402,0.0547945205479452,2026-04-30,1.0451813913694226,SPX,2026-04-09,6831.35009765625,19.75,0.03584999799728394,0.015
7145.0,5.550000000000001,0.12260671122191537,0.0547945205479452,2026-04-30,1.045913311111278,SPX,2026-04-09,6831.35009765625,19.75,0.03584999799728394,0.015
7150.0,5.25,0.12261571964259364,0.0547945205479452,2026-04-30,1.0466452308531333,SPX,2026-04-09,6831.35009765625,19.75,0.03584999799728394,0.015
7155.0,4.9,0.12228450463647066,0.0547945205479452,2026-04-30,1.0473771505949885,SPX,2026-04-09,6831.35009765625,19.75,0.03584999799728394,0.015
7160.0,4.65,0.12240299873607056,0.0547945205479452,2026-04-30,1.0481090703368439,SPX,2026-04-09,6831.35009765625,19.75,0.03584999799728394,0.015
7165.0,4.35,0.12216742442061347,0.0547945205479452,2026-04-30,1.0488409900786992,SPX,2026-04-09,6831.35009765625,19.75,0.03584999799728394,0.015
7170.0,4.1,0.1221365645748988,0.0547945205479452,2026-04-30,1.0495729098205546,SPX,2026-04-09,6831.35009765625,19.75,0.03584999799728394,0.015
7175.0,3.9499999999999997,0.12264914188181797,0.0547945205479452,2026-04-30,1.05030482956241,SPX,2026-04-09,6831.35009765625,19.75,0.03584999799728394,0.015
7180.0,3.75,0.1228044409503114,0.0547945205479452,2026-04-30,1.0510367493042652,SPX,2026-04-09,6831.35009765625,19.75,0.03584999799728394,0.015
7185.0,3.55,0.12289734364674994,0.0547945205479452,2026-04-30,1.0517686690461205,SPX,2026-04-09,6831.35009765625,19.75,0.03584999799728394,0.015
7190.0,3.35,0.12292314037646153,0.0547945205479452,2026-04-30,1.052500588787976,SPX,2026-04-09,6831.35009765625,19.75,0.03584999799728394,0.015
7195.0,3.3,0.1239479642971326,0.0547945205479452,2026-04-30,1.0532325085298313,SPX,2026-04-09,6831.35009765625,19.75,0.03584999799728394,0.015
7200.0,3.075,0.12368642161623994,0.0547945205479452,2026-04-30,1.0539644282716867,SPX,2026-04-09,6831.35009765625,19.75,0.03584999799728394,0.015
7205.0,2.9,0.12371259991709595,0.0547945205479452,2026-04-30,1.0546963480135418,SPX,2026-04-09,6831.35009765625,19.75,0.03584999799728394,0.015
7210.0,2.775,0.12406815774319,0.0547945205479452,2026-04-30,1.0554282677553972,SPX,2026-04-09,6831.35009765625,19.75,0.03584999799728394,0.015
7215.0,2.6,0.12396306259187632,0.0547945205479452,2026-04-30,1.0561601874972526,SPX,2026-04-09,6831.35009765625,19.75,0.03584999799728394,0.015
7220.0,2.5,0.12442655770003945,0.0547945205479452,2026-04-30,1.056892107239108,SPX,2026-04-09,6831.35009765625,19.75,0.03584999799728394,0.015
7225.0,2.425,0.12507484850012054,0.0547945205479452,2026-04-30,1.0576240269809634,SPX,2026-04-09,6831.35009765625,19.75,0.03584999799728394,0.015
7230.0,2.325,0.1254700667618069,0.0547945205479452,2026-04-30,1.0583559467228187,SPX,2026-04-09,6831.35009765625,19.75,0.03584999799728394,0.015
7235.0,2.25,0.12606053397868838,0.0547945205479452,2026-04-30,1.059087866464674,SPX,2026-04-09,6831.35009765625,19.75,0.03584999799728394,0.015
7240.0,2.125,0.1261368213962506,0.0547945205479452,2026-04-30,1.0598197862065293,SPX,2026-04-09,6831.35009765625,19.75,0.03584999799728394,0.015
7245.0,2.025,0.1264032017174678,0.0547945205479452,2026-04-30,1.0605517059483847,SPX,2026-04-09,6831.35009765625,19.75,0.03584999799728394,0.015
7250.0,1.925,0.12662088649199768,0.0547945205479452,2026-04-30,1.06128362569024,SPX,2026-04-09,6831.35009765625,19.75,0.03584999799728394,0.015
7255.0,1.875,0.12733210754242696,0.0547945205479452,2026-04-30,1.0620155454320954,SPX,2026-04-09,6831.35009765625,19.75,0.03584999799728394,0.015
7260.0,1.7999999999999998,0.1277454536714959,0.0547945205479452,2026-04-30,1.0627474651739506,SPX,2026-04-09,6831.35009765625,19.75,0.03584999799728394,0.015
7265.0,1.75,0.12841018433684517,0.0547945205479452,2026-04-30,1.063479384915806,SPX,2026-04-09,6831.35009765625,19.75,0.03584999799728394,0.015
7270.0,1.675,0.12875850175572107,0.0547945205479452,2026-04-30,1.0642113046576613,SPX,2026-04-09,6831.35009765625,19.75,0.03584999799728394,0.015
7275.0,1.6,0.12906647247828235,0.0547945205479452,2026-04-30,1.0649432243995167,SPX,2026-04-09,6831.35009765625,19.75,0.03584999799728394,0.015
7280.0,1.5499999999999998,0.12964931256366238,0.0547945205479452,2026-04-30,1.065675144141372,SPX,2026-04-09,6831.35009765625,19.75,0.03584999799728394,0.015
7285.0,1.5,0.13020789291702636,0.0547945205479452,2026-04-30,1.0664070638832273,SPX,2026-04-09,6831.35009765625,19.75,0.03584999799728394,0.015
7290.0,1.45,0.13074131664447167,0.0547945205479452,2026-04-30,1.0671389836250826,SPX,2026-04-09,6831.35009765625,19.75,0.03584999799728394,0.015
7295.0,1.4,0.13124824650304961,0.0547945205479452,2026-04-30,1.067870903366938,SPX,2026-04-09,6831.35009765625,19.75,0.03584999799728394,0.015
7300.0,1.35,0.13172755385218166,0.0547945205479452,2026-04-30,1.0686028231087934,SPX,2026-04-09,6831.35009765625,19.75,0.03584999799728394,0.015
7305.0,1.325,0.1325421789452145,0.0547945205479452,2026-04-30,1.0693347428506488,SPX,2026-04-09,6831.35009765625,19.75,0.03584999799728394,0.015
7310.0,1.25,0.13259772969404046,0.0547945205479452,2026-04-30,1.070066662592504,SPX,2026-04-09,6831.35009765625,19.75,0.03584999799728394,0.015
7315.0,1.25,0.13375796457110725,0.0547945205479452,2026-04-30,1.0707985823343593,SPX,2026-04-09,6831.35009765625,19.75,0.03584999799728394,0.015
7320.0,1.225,0.13452983264205723,0.0547945205479452,2026-04-30,1.0715305020762147,SPX,2026-04-09,6831.35009765625,19.75,0.03584999799728394,0.015
7325.0,1.15,0.13448473584303303,0.0547945205479452,2026-04-30,1.07226242181807,SPX,2026-04-09,6831.35009765625,19.75,0.03584999799728394,0.015
7330.0,1.15,0.13562827316194903,0.0547945205479452,2026-04-30,1.0729943415599255,SPX,2026-04-09,6831.35009765625,19.75,0.03584999799728394,0.015
7335.0,1.125,0.13635343756513293,0.0547945205479452,2026-04-30,1.0737262613017808,SPX,2026-04-09,6831.35009765625,19.75,0.03584999799728394,0.015
7340.0,1.0499999999999998,0.13619481907549072,0.0547945205479452,2026-04-30,1.074458181043636,SPX,2026-04-09,6831.35009765625,19.75,0.03584999799728394,0.015
7345.0,1.0499999999999998,0.13732162674766038,0.0547945205479452,2026-04-30,1.0751901007854914,SPX,2026-04-09,6831.35009765625,19.75,0.03584999799728394,0.015
7350.0,1.0,0.13753635152405932,0.0547945205479452,2026-04-30,1.0759220205273468,SPX,2026-04-09,6831.35009765625,19.75,0.03584999799728394,0.015
7355.0,0.9750000000000001,0.1381839280978999,0.0547945205479452,2026-04-30,1.0766539402692021,SPX,2026-04-09,6831.35009765625,19.75,0.03584999799728394,0.015
7360.0,0.95,0.1388155523112617,0.0547945205479452,2026-04-30,1.0773858600110575,SPX,2026-04-09,6831.35009765625,19.75,0.03584999799728394,0.015
7365.0,0.95,0.13992277992529858,0.0547945205479452,2026-04-30,1.0781177797529127,SPX,2026-04-09,6831.35009765625,19.75,0.03584999799728394,0.015
7370.0,0.9,0.14002872233602276,0.0547945205479452,2026-04-30,1.078849699494768,SPX,2026-04-09,6831.35009765625,19.75,0.03584999799728394,0.015
7375.0,0.9,0.14112621938092487,0.0547945205479452,2026-04-30,1.0795816192366234,SPX,2026-04-09,6831.35009765625,19.75,0.03584999799728394,0.015
7380.0,0.875,0.14170168080656484,0.0547945205479452,2026-04-30,1.0803135389784788,SPX,2026-04-09,6831.35009765625,19.75,0.03584999799728394,0.015
7385.0,0.85,0.14225874584305395,0.0547945205479452,2026-04-30,1.0810454587203342,SPX,2026-04-09,6831.35009765625,19.75,0.03584999799728394,0.015
7390.0,0.825,0.14279718367320685,0.0547945205479452,2026-04-30,1.0817773784621894,SPX,2026-04-09,6831.35009765625,19.75,0.03584999799728394,0.015
7395.0,0.8,0.1433153483009726,0.0547945205479452,2026-04-30,1.0825092982040447,SPX,2026-04-09,6831.35009765625,19.75,0.03584999799728394,0.015
7400.0,0.8,0.1443910701995192,0.0547945205479452,2026-04-30,1.0832412179459001,SPX,2026-04-09,6831.35009765625,19.75,0.03584999799728394,0.015
7405.0,0.7749999999999999,0.1448836955291373,0.0547945205479452,2026-04-30,1.0839731376877555,SPX,2026-04-09,6831.35009765625,19.75,0.03584999799728394,0.015
7410.0,0.7749999999999999,0.14595263844526027,0.0547945205479452,2026-04-30,1.0847050574296109,SPX,2026-04-09,6831.35009765625,19.75,0.03584999799728394,0.015
7415.0,0.75,0.14641857170887393,0.0547945205479452,2026-04-30,1.085436977171466,SPX,2026-04-09,6831.35009765625,19.75,0.03584999799728394,0.015
7420.0,0.75,0.14748074226102004,0.0547945205479452,2026-04-30,1.0861688969133214,SPX,2026-04-09,6831.35009765625,19.75,0.03584999799728394,0.015
7425.0,0.7250000000000001,0.14791889721884074,0.0547945205479452,2026-04-30,1.0869008166551768,SPX,2026-04-09,6831.35009765625,19.75,0.03584999799728394,0.015
7440.0,0.675,0.14976756928513693,0.0547945205479452,2026-04-30,1.089096575880743,SPX,2026-04-09,6831.35009765625,19.75,0.03584999799728394,0.015
7445.0,0.7,0.1514791208676411,0.0547945205479452,2026-04-30,1.089828495622598,SPX,2026-04-09,6831.35009765625,19.75,0.03584999799728394,0.015
7450.0,0.65,0.15116333377079072,0.0547945205479452,2026-04-30,1.0905604153644535,SPX,2026-04-09,6831.35009765625,19.75,0.03584999799728394,0.015
7455.0,0.675,0.15289305374337547,0.0547945205479452,2026-04-30,1.0912923351063089,SPX,2026-04-09,6831.35009765625,19.75,0.03584999799728394,0.015
7465.0,0.625,0.15354875267259896,0.0547945205479452,2026-04-30,1.0927561745900196,SPX,2026-04-09,6831.35009765625,19.75,0.03584999799728394,0.015
6840.0,107.65,0.1651687109095007,0.057534246575342465,2026-05-01,1.0012662068581022,SPX,2026-04-09,6831.35009765625,19.75,0.03584999799728394,0.015
6850.0,101.65,0.16337833458945808,0.057534246575342465,2026-05-01,1.002730046341813,SPX,2026-04-09,6831.35009765625,19.75,0.03584999799728394,0.015
6860.0,95.05,0.160438037974098,0.057534246575342465,2026-05-01,1.0041938858255237,SPX,2026-04-09,6831.35009765625,19.75,0.03584999799728394,0.015
6870.0,89.75,0.15925353006817158,0.057534246575342465,2026-05-01,1.0056577253092343,SPX,2026-04-09,6831.35009765625,19.75,0.03584999799728394,0.015
6875.0,86.05,0.1569524503343602,0.057534246575342465,2026-05-01,1.0063896450510896,SPX,2026-04-09,6831.35009765625,19.75,0.03584999799728394,0.015
6880.0,84.15,0.15736407341833278,0.057534246575342465,2026-05-01,1.007121564792945,SPX,2026-04-09,6831.35009765625,19.75,0.03584999799728394,0.015
6890.0,78.45,0.15506348739745004,0.057534246575342465,2026-05-01,1.0085854042766556,SPX,2026-04-09,6831.35009765625,19.75,0.03584999799728394,0.015
6900.0,73.35,0.1534327406906638,0.057534246575342465,2026-05-01,1.0100492437603663,SPX,2026-04-09,6831.35009765625,19.75,0.03584999799728394,0.015
6910.0,68.25,0.15153148264424435,0.057534246575342465,2026-05-01,1.011513083244077,SPX,2026-04-09,6831.35009765625,19.75,0.03584999799728394,0.015
6925.0,60.85,0.1485427155189584,0.057534246575342465,2026-05-01,1.013708842469643,SPX,2026-04-09,6831.35009765625,19.75,0.03584999799728394,0.015
6950.0,49.599999999999994,0.14381052055089594,0.057534246575342465,2026-05-01,1.0173684411789197,SPX,2026-04-09,6831.35009765625,19.75,0.03584999799728394,0.015
6975.0,39.95,0.13979193300384724,0.057534246575342465,2026-05-01,1.0210280398881963,SPX,2026-04-09,6831.35009765625,19.75,0.03584999799728394,0.015
7000.0,31.75,0.1363011660202968,0.057534246575342465,2026-05-01,1.024687638597473,SPX,2026-04-09,6831.35009765625,19.75,0.03584999799728394,0.015
7025.0,24.6,0.1326413402058402,0.057534246575342465,2026-05-01,1.0283472373067497,SPX,2026-04-09,6831.35009765625,19.75,0.03584999799728394,0.015
7050.0,19.0,0.13003379164511084,0.057534246575342465,2026-05-01,1.0320068360160264,SPX,2026-04-09,6831.35009765625,19.75,0.03584999799728394,0.015
7075.0,14.5,0.1278461111444849,0.057534246575342465,2026-05-01,1.035666434725303,SPX,2026-04-09,6831.35009765625,19.75,0.03584999799728394,0.015
7100.0,10.95,0.12605589116557891,0.057534246575342465,2026-05-01,1.0393260334345797,SPX,2026-04-09,6831.35009765625,19.75,0.03584999799728394,0.015
7125.0,8.25,0.12484197828276869,0.057534246575342465,2026-05-01,1.0429856321438566,SPX,2026-04-09,6831.35009765625,19.75,0.03584999799728394,0.015
7150.0,6.25,0.12428286510976116,0.057534246575342465,2026-05-01,1.0466452308531333,SPX,2026-04-09,6831.35009765625,19.75,0.03584999799728394,0.015
7175.0,4.75,0.1241551714708723,0.057534246575342465,2026-05-01,1.05030482956241,SPX,2026-04-09,6831.35009765625,19.75,0.03584999799728394,0.015
7200.0,3.65,0.12454416244547219,0.057534246575342465,2026-05-01,1.0539644282716867,SPX,2026-04-09,6831.35009765625,19.75,0.03584999799728394,0.015
7250.0,2.3,0.12712448228206574,0.057534246575342465,2026-05-01,1.06128362569024,SPX,2026-04-09,6831.35009765625,19.75,0.03584999799728394,0.015
7300.0,1.575,0.13142205609012758,0.057534246575342465,2026-05-01,1.0686028231087934,SPX,2026-04-09,6831.35009765625,19.75,0.03584999799728394,0.015
7350.0,1.15,0.13671127374975334,0.057534246575342465,2026-05-01,1.0759220205273468,SPX,2026-04-09,6831.35009765625,19.75,0.03584999799728394,0.015
7400.0,0.9,0.1429644098140362,0.057534246575342465,2026-05-01,1.0832412179459001,SPX,2026-04-09,6831.35009765625,19.75,0.03584999799728394,0.015
7450.0,0.7,0.14876271002038446,0.057534246575342465,2026-05-01,1.0905604153644535,SPX,2026-04-09,6831.35009765625,19.75,0.03584999799728394,0.015
6850.0,105.15,0.1570569802654689,0.06575342465753424,2026-05-04,1.002730046341813,SPX,2026-04-09,6831.35009765625,19.75,0.03584999799728394,0.015
6875.0,90.94999999999999,0.1531491590525636,0.06575342465753424,2026-05-04,1.0063896450510896,SPX,2026-04-09,6831.35009765625,19.75,0.03584999799728394,0.015
6900.0,77.15,0.14841250324595426,0.06575342465753424,2026-05-04,1.0100492437603663,SPX,2026-04-09,6831.35009765625,19.75,0.03584999799728394,0.015
6925.0,64.5,0.14382353633855116,0.06575342465753424,2026-05-04,1.013708842469643,SPX,2026-04-09,6831.35009765625,19.75,0.03584999799728394,0.015
6950.0,53.3,0.13976265496291004,0.06575342465753424,2026-05-04,1.0173684411789197,SPX,2026-04-09,6831.35009765625,19.75,0.03584999799728394,0.015
6975.0,43.3,0.13581296691406078,0.06575342465753424,2026-05-04,1.0210280398881963,SPX,2026-04-09,6831.35009765625,19.75,0.03584999799728394,0.015
7000.0,34.599999999999994,0.13212588702122166,0.06575342465753424,2026-05-04,1.024687638597473,SPX,2026-04-09,6831.35009765625,19.75,0.03584999799728394,0.015
7025.0,27.55,0.12944118421788872,0.06575342465753424,2026-05-04,1.0283472373067497,SPX,2026-04-09,6831.35009765625,19.75,0.03584999799728394,0.015
7100.0,12.7,0.12263803288611125,0.06575342465753424,2026-05-04,1.0393260334345797,SPX,2026-04-09,6831.35009765625,19.75,0.03584999799728394,0.015
7200.0,4.449999999999999,0.12080712978452637,0.06575342465753424,2026-05-04,1.0539644282716867,SPX,2026-04-09,6831.35009765625,19.75,0.03584999799728394,0.015
7400.0,1.0,0.13533505342465926,0.06575342465753424,2026-05-04,1.0832412179459001,SPX,2026-04-09,6831.35009765625,19.75,0.03584999799728394,0.015
6850.0,108.55,0.15839964453399924,0.0684931506849315,2026-05-05,1.002730046341813,SPX,2026-04-09,6831.35009765625,19.75,0.03584999799728394,0.015
6875.0,93.5,0.1534143901544184,0.0684931506849315,2026-05-05,1.0063896450510896,SPX,2026-04-09,6831.35009765625,19.75,0.03584999799728394,0.015
6900.0,80.0,0.14927458632741314,0.0684931506849315,2026-05-05,1.0100492437603663,SPX,2026-04-09,6831.35009765625,19.75,0.03584999799728394,0.015
6925.0,67.05,0.14446304120693332,0.0684931506849315,2026-05-05,1.013708842469643,SPX,2026-04-09,6831.35009765625,19.75,0.03584999799728394,0.015
6950.0,55.95,0.14080206551609623,0.0684931506849315,2026-05-05,1.0173684411789197,SPX,2026-04-09,6831.35009765625,19.75,0.03584999799728394,0.015
6975.0,45.75,0.13684969507102981,0.0684931506849315,2026-05-05,1.0210280398881963,SPX,2026-04-09,6831.35009765625,19.75,0.03584999799728394,0.015
7000.0,36.75,0.13302094369117426,0.0684931506849315,2026-05-05,1.024687638597473,SPX,2026-04-09,6831.35009765625,19.75,0.03584999799728394,0.015
7025.0,29.35,0.13007529642440124,0.0684931506849315,2026-05-05,1.0283472373067497,SPX,2026-04-09,6831.35009765625,19.75,0.03584999799728394,0.015
7100.0,13.899999999999999,0.12329744364386923,0.0684931506849315,2026-05-05,1.0393260334345797,SPX,2026-04-09,6831.35009765625,19.75,0.03584999799728394,0.015
7200.0,4.85,0.12035445654039403,0.0684931506849315,2026-05-05,1.0539644282716867,SPX,2026-04-09,6831.35009765625,19.75,0.03584999799728394,0.015
7400.0,1.075,0.13380011870507721,0.0684931506849315,2026-05-05,1.0832412179459001,SPX,2026-04-09,6831.35009765625,19.75,0.03584999799728394,0.015
6850.0,111.7,0.15940761968214362,0.07123287671232877,2026-05-06,1.002730046341813,SPX,2026-04-09,6831.35009765625,19.75,0.03584999799728394,0.015
6875.0,96.4,0.15421142198753646,0.07123287671232877,2026-05-06,1.0063896450510896,SPX,2026-04-09,6831.35009765625,19.75,0.03584999799728394,0.015
6900.0,82.0,0.14896264901670372,0.07123287671232877,2026-05-06,1.0100492437603663,SPX,2026-04-09,6831.35009765625,19.75,0.03584999799728394,0.015
6925.0,69.9,0.14555317913026997,0.07123287671232877,2026-05-06,1.013708842469643,SPX,2026-04-09,6831.35009765625,19.75,0.03584999799728394,0.015
6950.0,58.400000000000006,0.14153476805308376,0.07123287671232877,2026-05-06,1.0173684411789197,SPX,2026-04-09,6831.35009765625,19.75,0.03584999799728394,0.015
6975.0,48.0,0.13755048435087525,0.07123287671232877,2026-05-06,1.0210280398881963,SPX,2026-04-09,6831.35009765625,19.75,0.03584999799728394,0.015
7000.0,39.0,0.13405259517419268,0.07123287671232877,2026-05-06,1.024687638597473,SPX,2026-04-09,6831.35009765625,19.75,0.03584999799728394,0.015
7025.0,31.05,0.13049866183014155,0.07123287671232877,2026-05-06,1.0283472373067497,SPX,2026-04-09,6831.35009765625,19.75,0.03584999799728394,0.015
7100.0,15.0,0.12361319893233935,0.07123287671232877,2026-05-06,1.0393260334345797,SPX,2026-04-09,6831.35009765625,19.75,0.03584999799728394,0.015
7200.0,5.449999999999999,0.1208241087842528,0.07123287671232877,2026-05-06,1.0539644282716867,SPX,2026-04-09,6831.35009765625,19.75,0.03584999799728394,0.015
7400.0,1.225,0.13346653198356798,0.07123287671232877,2026-05-06,1.0832412179459001,SPX,2026-04-09,6831.35009765625,19.75,0.03584999799728394,0.015
6850.0,114.0,0.15928734216391124,0.07397260273972603,2026-05-07,1.002730046341813,SPX,2026-04-09,6831.35009765625,19.75,0.03584999799728394,0.015
6875.0,99.94999999999999,0.15591385535719346,0.07397260273972603,2026-05-07,1.0063896450510896,SPX,2026-04-09,6831.35009765625,19.75,0.03584999799728394,0.015
6900.0,85.85,0.15125575554167173,0.07397260273972603,2026-05-07,1.0100492437603663,SPX,2026-04-09,6831.35009765625,19.75,0.03584999799728394,0.015
6925.0,72.9,0.14685268660525133,0.07397260273972603,2026-05-07,1.013708842469643,SPX,2026-04-09,6831.35009765625,19.75,0.03584999799728394,0.015
6950.0,61.15,0.1427090945062005,0.07397260273972603,2026-05-07,1.0173684411789197,SPX,2026-04-09,6831.35009765625,19.75,0.03584999799728394,0.015
6975.0,50.5,0.13862869422885682,0.07397260273972603,2026-05-07,1.0210280398881963,SPX,2026-04-09,6831.35009765625,19.75,0.03584999799728394,0.015
7000.0,41.35,0.13521025458202693,0.07397260273972603,2026-05-07,1.024687638597473,SPX,2026-04-09,6831.35009765625,19.75,0.03584999799728394,0.015
7025.0,33.25,0.13178530153018647,0.07397260273972603,2026-05-07,1.0283472373067497,SPX,2026-04-09,6831.35009765625,19.75,0.03584999799728394,0.015
7100.0,16.55,0.12496627087649972,0.07397260273972603,2026-05-07,1.0393260334345797,SPX,2026-04-09,6831.35009765625,19.75,0.03584999799728394,0.015
7200.0,6.25,0.12201959564495209,0.07397260273972603,2026-05-07,1.0539644282716867,SPX,2026-04-09,6831.35009765625,19.75,0.03584999799728394,0.015
7400.0,1.375,0.13301066501703232,0.07397260273972603,2026-05-07,1.0832412179459001,SPX,2026-04-09,6831.35009765625,19.75,0.03584999799728394,0.015
6840.0,124.9,0.16418401521661302,0.07671232876712329,2026-05-08,1.0012662068581022,SPX,2026-04-09,6831.35009765625,19.75,0.03584999799728394,0.015
6850.0,119.3,0.16320403886992735,0.07671232876712329,2026-05-08,1.002730046341813,SPX,2026-04-09,6831.35009765625,19.75,0.03584999799728394,0.015
6875.0,104.1,0.15840310687377385,0.07671232876712329,2026-05-08,1.0063896450510896,SPX,2026-04-09,6831.35009765625,19.75,0.03584999799728394,0.015
6900.0,90.1,0.15404579466449028,0.07671232876712329,2026-05-08,1.0100492437603663,SPX,2026-04-09,6831.35009765625,19.75,0.03584999799728394,0.015
6925.0,76.9,0.14951735878412636,0.07671232876712329,2026-05-08,1.013708842469643,SPX,2026-04-09,6831.35009765625,19.75,0.03584999799728394,0.015
6950.0,64.7,0.1450047185353246,0.07671232876712329,2026-05-08,1.0173684411789197,SPX,2026-04-09,6831.35009765625,19.75,0.03584999799728394,0.015
6975.0,54.15,0.14139132213162925,0.07671232876712329,2026-05-08,1.0210280398881963,SPX,2026-04-09,6831.35009765625,19.75,0.03584999799728394,0.015
7000.0,44.599999999999994,0.1377411771816571,0.07671232876712329,2026-05-08,1.024687638597473,SPX,2026-04-09,6831.35009765625,19.75,0.03584999799728394,0.015
7025.0,36.45,0.13469127526929836,0.07671232876712329,2026-05-08,1.0283472373067497,SPX,2026-04-09,6831.35009765625,19.75,0.03584999799728394,0.015
7050.0,29.35,0.1317566386639184,0.07671232876712329,2026-05-08,1.0320068360160264,SPX,2026-04-09,6831.35009765625,19.75,0.03584999799728394,0.015
7100.0,18.5,0.12708640408973687,0.07671232876712329,2026-05-08,1.0393260334345797,SPX,2026-04-09,6831.35009765625,19.75,0.03584999799728394,0.015
7150.0,11.55,0.12456766886436643,0.07671232876712329,2026-05-08,1.0466452308531333,SPX,2026-04-09,6831.35009765625,19.75,0.03584999799728394,0.015
7200.0,7.2,0.12357413904564737,0.07671232876712329,2026-05-08,1.0539644282716867,SPX,2026-04-09,6831.35009765625,19.75,0.03584999799728394,0.015
7250.0,4.550000000000001,0.12388377052854717,0.07671232876712329,2026-05-08,1.06128362569024,SPX,2026-04-09,6831.35009765625,19.75,0.03584999799728394,0.015
7300.0,3.075,0.12618213157303879,0.07671232876712329,2026-05-08,1.0686028231087934,SPX,2026-04-09,6831.35009765625,19.75,0.03584999799728394,0.015
7350.0,2.125,0.12899139606758206,0.07671232876712329,2026-05-08,1.0759220205273468,SPX,2026-04-09,6831.35009765625,19.75,0.03584999799728394,0.015
7400.0,1.6,0.13339030614273198,0.07671232876712329,2026-05-08,1.0832412179459001,SPX,2026-04-09,6831.35009765625,19.75,0.03584999799728394,0.015
7450.0,1.225,0.13786888773631714,0.07671232876712329,2026-05-08,1.0905604153644535,SPX,2026-04-09,6831.35009765625,19.75,0.03584999799728394,0.015
7500.0,0.9750000000000001,0.1428227391425989,0.07671232876712329,2026-05-08,1.0978796127830068,SPX,2026-04-09,6831.35009765625,19.75,0.03584999799728394,0.015
7600.0,0.7,0.1542514717974926,0.07671232876712329,2026-05-08,1.1125180076201135,SPX,2026-04-09,6831.35009765625,19.75,0.03584999799728394,0.015
6900.0,93.3,0.14988393740327965,0.08493150684931507,2026-05-11,1.0100492437603663,SPX,2026-04-09,6831.35009765625,19.75,0.03584999799728394,0.015
7000.0,47.45,0.13465291417270614,0.08493150684931507,2026-05-11,1.024687638597473,SPX,2026-04-09,6831.35009765625,19.75,0.03584999799728394,0.015
7100.0,20.4,0.12441773813731273,0.08493150684931507,2026-05-11,1.0393260334345797,SPX,2026-04-09,6831.35009765625,19.75,0.03584999799728394,0.015
7200.0,8.05,0.12021453385473875,0.08493150684931507,2026-05-11,1.0539644282716867,SPX,2026-04-09,6831.35009765625,19.75,0.03584999799728394,0.015
7400.0,1.775,0.12847975484813284,0.08493150684931507,2026-05-11,1.0832412179459001,SPX,2026-04-09,6831.35009765625,19.75,0.03584999799728394,0.015
7600.0,0.775,0.14816414352504514,0.08493150684931507,2026-05-11,1.1125180076201135,SPX,2026-04-09,6831.35009765625,19.75,0.03584999799728394,0.015
6900.0,95.7,0.15034023007688507,0.08767123287671233,2026-05-12,1.0100492437603663,SPX,2026-04-09,6831.35009765625,19.75,0.03584999799728394,0.015
7000.0,50.15,0.13626779736448832,0.08767123287671233,2026-05-12,1.024687638597473,SPX,2026-04-09,6831.35009765625,19.75,0.03584999799728394,0.015
7100.0,22.25,0.12604950377437996,0.08767123287671233,2026-05-12,1.0393260334345797,SPX,2026-04-09,6831.35009765625,19.75,0.03584999799728394,0.015
7200.0,9.05,0.12158053888864223,0.08767123287671233,2026-05-12,1.0539644282716867,SPX,2026-04-09,6831.35009765625,19.75,0.03584999799728394,0.015
7400.0,2.025,0.12890622401786153,0.08767123287671233,2026-05-12,1.0832412179459001,SPX,2026-04-09,6831.35009765625,19.75,0.03584999799728394,0.015
6900.0,98.35,0.15112500892154157,0.09041095890410959,2026-05-13,1.0100492437603663,SPX,2026-04-09,6831.35009765625,19.75,0.03584999799728394,0.015
7000.0,52.2,0.1369177428632197,0.09041095890410959,2026-05-13,1.024687638597473,SPX,2026-04-09,6831.35009765625,19.75,0.03584999799728394,0.015
7100.0,23.65,0.12670045063766372,0.09041095890410959,2026-05-13,1.0393260334345797,SPX,2026-04-09,6831.35009765625,19.75,0.03584999799728394,0.015
7200.0,9.899999999999999,0.12229754574283917,0.09041095890410959,2026-05-13,1.0539644282716867,SPX,2026-04-09,6831.35009765625,19.75,0.03584999799728394,0.015
7400.0,2.2,0.1284875041317866,0.09041095890410959,2026-05-13,1.0832412179459001,SPX,2026-04-09,6831.35009765625,19.75,0.03584999799728394,0.015
6835.0,143.3,0.16419012340907838,0.0958904109589041,2026-05-15,1.000534287116247,SPX,2026-04-09,6831.35009765625,19.75,0.03584999799728394,0.015
6840.0,140.2,0.1634584259721881,0.0958904109589041,2026-05-15,1.0012662068581022,SPX,2026-04-09,6831.35009765625,19.75,0.03584999799728394,0.015
6845.0,136.85000000000002,0.1623967302509401,0.0958904109589041,2026-05-15,1.0019981265999576,SPX,2026-04-09,6831.35009765625,19.75,0.03584999799728394,0.015
6850.0,133.75,0.16159824572384465,0.0958904109589041,2026-05-15,1.002730046341813,SPX,2026-04-09,6831.35009765625,19.75,0.03584999799728394,0.015
6855.0,130.6,0.16070628266596246,0.0958904109589041,2026-05-15,1.0034619660836683,SPX,2026-04-09,6831.35009765625,19.75,0.03584999799728394,0.015
6860.0,128.89999999999998,0.16150061834807372,0.0958904109589041,2026-05-15,1.0041938858255237,SPX,2026-04-09,6831.35009765625,19.75,0.03584999799728394,0.015
6865.0,125.8,0.1605988499775647,0.0958904109589041,2026-05-15,1.0049258055673789,SPX,2026-04-09,6831.35009765625,19.75,0.03584999799728394,0.015
6870.0,121.3,0.15799838054985937,0.0958904109589041,2026-05-15,1.0056577253092343,SPX,2026-04-09,6831.35009765625,19.75,0.03584999799728394,0.015
6875.0,119.9,0.1590452830618083,0.0958904109589041,2026-05-15,1.0063896450510896,SPX,2026-04-09,6831.35009765625,19.75,0.03584999799728394,0.015
6880.0,115.30000000000001,0.15624997651053946,0.0958904109589041,2026-05-15,1.007121564792945,SPX,2026-04-09,6831.35009765625,19.75,0.03584999799728394,0.015
6885.0,113.95,0.15728705805407306,0.0958904109589041,2026-05-15,1.0078534845348004,SPX,2026-04-09,6831.35009765625,19.75,0.03584999799728394,0.015
6890.0,109.45,0.15453079248536145,0.0958904109589041,2026-05-15,1.0085854042766556,SPX,2026-04-09,6831.35009765625,19.75,0.03584999799728394,0.015
6895.0,108.1,0.15549778114897383,0.0958904109589041,2026-05-15,1.009317324018511,SPX,2026-04-09,6831.35009765625,19.75,0.03584999799728394,0.015
6900.0,105.35,0.154754883684965,0.0958904109589041,2026-05-15,1.0100492437603663,SPX,2026-04-09,6831.35009765625,19.75,0.03584999799728394,0.015
6905.0,101.4,0.1525308511102321,0.0958904109589041,2026-05-15,1.0107811635022217,SPX,2026-04-09,6831.35009765625,19.75,0.03584999799728394,0.015
6910.0,98.35,0.15134394972985504,0.0958904109589041,2026-05-15,1.011513083244077,SPX,2026-04-09,6831.35009765625,19.75,0.03584999799728394,0.015
6915.0,95.85,0.15077909473192816,0.0958904109589041,2026-05-15,1.0122450029859325,SPX,2026-04-09,6831.35009765625,19.75,0.03584999799728394,0.015
6920.0,94.15,0.1511449335757969,0.0958904109589041,2026-05-15,1.0129769227277876,SPX,2026-04-09,6831.35009765625,19.75,0.03584999799728394,0.015
6925.0,90.30000000000001,0.14885974387376594,0.0958904109589041,2026-05-15,1.013708842469643,SPX,2026-04-09,6831.35009765625,19.75,0.03584999799728394,0.015
6930.0,88.5,0.149026420429027,0.0958904109589041,2026-05-15,1.0144407622114984,SPX,2026-04-09,6831.35009765625,19.75,0.03584999799728394,0.015
6935.0,85.4,0.14756180546610811,0.0958904109589041,2026-05-15,1.0151726819533538,SPX,2026-04-09,6831.35009765625,19.75,0.03584999799728394,0.015
6940.0,84.05,0.14820632034861086,0.0958904109589041,2026-05-15,1.0159046016952091,SPX,2026-04-09,6831.35009765625,19.75,0.03584999799728394,0.015
6945.0,81.5,0.14733298281217205,0.0958904109589041,2026-05-15,1.0166365214370643,SPX,2026-04-09,6831.35009765625,19.75,0.03584999799728394,0.015
6950.0,79.15,0.14666328034107143,0.0958904109589041,2026-05-15,1.0173684411789197,SPX,2026-04-09,6831.35009765625,19.75,0.03584999799728394,0.015
6955.0,75.65,0.14450762479765722,0.0958904109589041,2026-05-15,1.018100360920775,SPX,2026-04-09,6831.35009765625,19.75,0.03584999799728394,0.015
6960.0,73.5,0.14399232690164684,0.0958904109589041,2026-05-15,1.0188322806626304,SPX,2026-04-09,6831.35009765625,19.75,0.03584999799728394,0.015
6965.0,72.05,0.1443220406380062,0.0958904109589041,2026-05-15,1.0195642004044858,SPX,2026-04-09,6831.35009765625,19.75,0.03584999799728394,0.015
6970.0,69.95,0.1437881064019452,0.0958904109589041,2026-05-15,1.020296120146341,SPX,2026-04-09,6831.35009765625,19.75,0.03584999799728394,0.015
6975.0,66.65,0.1416642347812253,0.0958904109589041,2026-05-15,1.0210280398881963,SPX,2026-04-09,6831.35009765625,19.75,0.03584999799728394,0.015
6980.0,64.35,0.14076881987093576,0.0958904109589041,2026-05-15,1.0217599596300517,SPX,2026-04-09,6831.35009765625,19.75,0.03584999799728394,0.015
6985.0,63.0,0.1410646049804348,0.0958904109589041,2026-05-15,1.022491879371907,SPX,2026-04-09,6831.35009765625,19.75,0.03584999799728394,0.015
6990.0,61.5,0.14112904923619687,0.0958904109589041,2026-05-15,1.0232237991137625,SPX,2026-04-09,6831.35009765625,19.75,0.03584999799728394,0.015
6995.0,58.25,0.13882806608364212,0.0958904109589041,2026-05-15,1.0239557188556176,SPX,2026-04-09,6831.35009765625,19.75,0.03584999799728394,0.015
7000.0,56.25,0.1381263571632197,0.0958904109589041,2026-05-15,1.024687638597473,SPX,2026-04-09,6831.35009765625,19.75,0.03584999799728394,0.015
7005.0,55.45,0.1390017147335821,0.0958904109589041,2026-05-15,1.0254195583393284,SPX,2026-04-09,6831.35009765625,19.75,0.03584999799728394,0.015
7010.0,52.5,0.13690916333464184,0.0958904109589041,2026-05-15,1.0261514780811838,SPX,2026-04-09,6831.35009765625,19.75,0.03584999799728394,0.015
7015.0,51.55,0.13750599803927346,0.0958904109589041,2026-05-15,1.0268833978230392,SPX,2026-04-09,6831.35009765625,19.75,0.03584999799728394,0.015
7020.0,48.8,0.13555522410450435,0.0958904109589041,2026-05-15,1.0276153175648945,SPX,2026-04-09,6831.35009765625,19.75,0.03584999799728394,0.015
7025.0,47.15,0.13508085222815178,0.0958904109589041,2026-05-15,1.0283472373067497,SPX,2026-04-09,6831.35009765625,19.75,0.03584999799728394,0.015
7030.0,45.400000000000006,0.1344128896313425,0.0958904109589041,2026-05-15,1.029079157048605,SPX,2026-04-09,6831.35009765625,19.75,0.03584999799728394,0.015
7035.0,43.8,0.1339079105804265,0.0958904109589041,2026-05-15,1.0298110767904605,SPX,2026-04-09,6831.35009765625,19.75,0.03584999799728394,0.015
7040.0,43.3,0.13496896180097745,0.0958904109589041,2026-05-15,1.0305429965323158,SPX,2026-04-09,6831.35009765625,19.75,0.03584999799728394,0.015
7045.0,41.8,0.1345288032610273,0.0958904109589041,2026-05-15,1.0312749162741712,SPX,2026-04-09,6831.35009765625,19.75,0.03584999799728394,0.015
7050.0,40.3,0.13403819917401547,0.0958904109589041,2026-05-15,1.0320068360160264,SPX,2026-04-09,6831.35009765625,19.75,0.03584999799728394,0.015
7055.0,38.599999999999994,0.13318969874640393,0.0958904109589041,2026-05-15,1.0327387557578818,SPX,2026-04-09,6831.35009765625,19.75,0.03584999799728394,0.015
7060.0,37.3,0.1328980801753973,0.0958904109589041,2026-05-15,1.0334706754997371,SPX,2026-04-09,6831.35009765625,19.75,0.03584999799728394,0.015
7065.0,34.85,0.1307429295503151,0.0958904109589041,2026-05-15,1.0342025952415925,SPX,2026-04-09,6831.35009765625,19.75,0.03584999799728394,0.015
7070.0,33.55,0.13032618973464707,0.0958904109589041,2026-05-15,1.034934514983448,SPX,2026-04-09,6831.35009765625,19.75,0.03584999799728394,0.015
7075.0,33.099999999999994,0.1312422786915385,0.0958904109589041,2026-05-15,1.035666434725303,SPX,2026-04-09,6831.35009765625,19.75,0.03584999799728394,0.015
7080.0,32.0,0.13107055557623998,0.0958904109589041,2026-05-15,1.0363983544671584,SPX,2026-04-09,6831.35009765625,19.75,0.03584999799728394,0.015
7085.0,29.8,0.1290017931827121,0.0958904109589041,2026-05-15,1.0371302742090138,SPX,2026-04-09,6831.35009765625,19.75,0.03584999799728394,0.015
7090.0,29.5,0.13007828353013476,0.0958904109589041,2026-05-15,1.0378621939508692,SPX,2026-04-09,6831.35009765625,19.75,0.03584999799728394,0.015
7100.0,27.3,0.12938405217599896,0.0958904109589041,2026-05-15,1.0393260334345797,SPX,2026-04-09,6831.35009765625,19.75,0.03584999799728394,0.015
7110.0,24.35,0.12709088428353127,0.0958904109589041,2026-05-15,1.0407898729182905,SPX,2026-04-09,6831.35009765625,19.75,0.03584999799728394,0.015
7120.0,22.3,0.12617523327062666,0.0958904109589041,2026-05-15,1.0422537124020013,SPX,2026-04-09,6831.35009765625,19.75,0.03584999799728394,0.015
7125.0,21.45,0.12597295530954067,0.0958904109589041,2026-05-15,1.0429856321438566,SPX,2026-04-09,6831.35009765625,19.75,0.03584999799728394,0.015
7130.0,20.6,0.12572107701863763,0.0958904109589041,2026-05-15,1.0437175518857118,SPX,2026-04-09,6831.35009765625,19.75,0.03584999799728394,0.015
7140.0,18.85,0.12495428036316131,0.0958904109589041,2026-05-15,1.0451813913694226,SPX,2026-04-09,6831.35009765625,19.75,0.03584999799728394,0.015
7150.0,17.25,0.12427859245615558,0.0958904109589041,2026-05-15,1.0466452308531333,SPX,2026-04-09,6831.35009765625,19.75,0.03584999799728394,0.015
7160.0,15.95,0.1240618773300704,0.0958904109589041,2026-05-15,1.0481090703368439,SPX,2026-04-09,6831.35009765625,19.75,0.03584999799728394,0.015
7170.0,14.7,0.12377458566399348,0.0958904109589041,2026-05-15,1.0495729098205546,SPX,2026-04-09,6831.35009765625,19.75,0.03584999799728394,0.015
7175.0,14.65,0.1249666514372703,0.0958904109589041,2026-05-15,1.05030482956241,SPX,2026-04-09,6831.35009765625,19.75,0.03584999799728394,0.015
7180.0,13.4,0.12316093783709732,0.0958904109589041,2026-05-15,1.0510367493042652,SPX,2026-04-09,6831.35009765625,19.75,0.03584999799728394,0.015
7190.0,12.95,0.12456187580639312,0.0958904109589041,2026-05-15,1.052500588787976,SPX,2026-04-09,6831.35009765625,19.75,0.03584999799728394,0.015
7200.0,11.899999999999999,0.12427273567481308,0.0958904109589041,2026-05-15,1.0539644282716867,SPX,2026-04-09,6831.35009765625,19.75,0.03584999799728394,0.015
7210.0,10.899999999999999,0.12392784765401875,0.0958904109589041,2026-05-15,1.0554282677553972,SPX,2026-04-09,6831.35009765625,19.75,0.03584999799728394,0.015
7220.0,10.05,0.12383233580896469,0.0958904109589041,2026-05-15,1.056892107239108,SPX,2026-04-09,6831.35009765625,19.75,0.03584999799728394,0.015
7225.0,9.15,0.12221683480134618,0.0958904109589041,2026-05-15,1.0576240269809634,SPX,2026-04-09,6831.35009765625,19.75,0.03584999799728394,0.015
7230.0,8.8,0.1222579965030854,0.0958904109589041,2026-05-15,1.0583559467228187,SPX,2026-04-09,6831.35009765625,19.75,0.03584999799728394,0.015
7240.0,8.55,0.12375591226170807,0.0958904109589041,2026-05-15,1.0598197862065293,SPX,2026-04-09,6831.35009765625,19.75,0.03584999799728394,0.015
7250.0,7.449999999999999,0.12218678986272428,0.0958904109589041,2026-05-15,1.06128362569024,SPX,2026-04-09,6831.35009765625,19.75,0.03584999799728394,0.015
7260.0,7.25,0.12369552544988932,0.0958904109589041,2026-05-15,1.0627474651739506,SPX,2026-04-09,6831.35009765625,19.75,0.03584999799728394,0.015
7270.0,6.3,0.12218914282003958,0.0958904109589041,2026-05-15,1.0642113046576613,SPX,2026-04-09,6831.35009765625,19.75,0.03584999799728394,0.015
7275.0,6.35,0.12348538879445836,0.0958904109589041,2026-05-15,1.0649432243995167,SPX,2026-04-09,6831.35009765625,19.75,0.03584999799728394,0.015
7280.0,6.1,0.12353336481942494,0.0958904109589041,2026-05-15,1.065675144141372,SPX,2026-04-09,6831.35009765625,19.75,0.03584999799728394,0.015
7290.0,5.449999999999999,0.12283931758012705,0.0958904109589041,2026-05-15,1.0671389836250826,SPX,2026-04-09,6831.35009765625,19.75,0.03584999799728394,0.015
7300.0,5.050000000000001,0.1230840198824903,0.0958904109589041,2026-05-15,1.0686028231087934,SPX,2026-04-09,6831.35009765625,19.75,0.03584999799728394,0.015
7310.0,4.7,0.12344247991504137,0.0958904109589041,2026-05-15,1.070066662592504,SPX,2026-04-09,6831.35009765625,19.75,0.03584999799728394,0.015
7320.0,4.550000000000001,0.12472778525872139,0.0958904109589041,2026-05-15,1.0715305020762147,SPX,2026-04-09,6831.35009765625,19.75,0.03584999799728394,0.015
7325.0,4.4,0.12495815073125603,0.0958904109589041,2026-05-15,1.07226242181807,SPX,2026-04-09,6831.35009765625,19.75,0.03584999799728394,0.015
7330.0,4.25,0.1251617472391256,0.0958904109589041,2026-05-15,1.0729943415599255,SPX,2026-04-09,6831.35009765625,19.75,0.03584999799728394,0.015
7340.0,3.75,0.12431440496672716,0.0958904109589041,2026-05-15,1.074458181043636,SPX,2026-04-09,6831.35009765625,19.75,0.03584999799728394,0.015
7350.0,3.7,0.12598548512705574,0.0958904109589041,2026-05-15,1.0759220205273468,SPX,2026-04-09,6831.35009765625,19.75,0.03584999799728394,0.015
7360.0,3.25,0.1250874170326084,0.0958904109589041,2026-05-15,1.0773858600110575,SPX,2026-04-09,6831.35009765625,19.75,0.03584999799728394,0.015
7370.0,3.25,0.12700983966737367,0.0958904109589041,2026-05-15,1.078849699494768,SPX,2026-04-09,6831.35009765625,19.75,0.03584999799728394,0.015
7375.0,2.95,0.12589341019762557,0.0958904109589041,2026-05-15,1.0795816192366234,SPX,2026-04-09,6831.35009765625,19.75,0.03584999799728394,0.015
7380.0,2.85,0.12611488517173927,0.0958904109589041,2026-05-15,1.0803135389784788,SPX,2026-04-09,6831.35009765625,19.75,0.03584999799728394,0.015
7390.0,2.825,0.12780735550662925,0.0958904109589041,2026-05-15,1.0817773784621894,SPX,2026-04-09,6831.35009765625,19.75,0.03584999799728394,0.015
7400.0,2.55,0.12754402002418136,0.0958904109589041,2026-05-15,1.0832412179459001,SPX,2026-04-09,6831.35009765625,19.75,0.03584999799728394,0.015
7410.0,2.4,0.12814705763531536,0.0958904109589041,2026-05-15,1.0847050574296109,SPX,2026-04-09,6831.35009765625,19.75,0.03584999799728394,0.015
7420.0,2.35,0.12954019593082047,0.0958904109589041,2026-05-15,1.0861688969133214,SPX,2026-04-09,6831.35009765625,19.75,0.03584999799728394,0.015
7425.0,2.2,0.12912111906893864,0.0958904109589041,2026-05-15,1.0869008166551768,SPX,2026-04-09,6831.35009765625,19.75,0.03584999799728394,0.015
7430.0,2.125,0.12933099937801812,0.0958904109589041,2026-05-15,1.0876327363970322,SPX,2026-04-09,6831.35009765625,19.75,0.03584999799728394,0.015
7450.0,1.9249999999999998,0.13093972015457356,0.0958904109589041,2026-05-15,1.0905604153644535,SPX,2026-04-09,6831.35009765625,19.75,0.03584999799728394,0.015
7475.0,1.75,0.13344521503774376,0.0958904109589041,2026-05-15,1.0942200140737302,SPX,2026-04-09,6831.35009765625,19.75,0.03584999799728394,0.015
7500.0,1.5499999999999998,0.13539337254340283,0.0958904109589041,2026-05-15,1.0978796127830068,SPX,2026-04-09,6831.35009765625,19.75,0.03584999799728394,0.015
7525.0,1.35,0.13698370162273074,0.0958904109589041,2026-05-15,1.1015392114922835,SPX,2026-04-09,6831.35009765625,19.75,0.03584999799728394,0.015
7550.0,1.25,0.13965822051906315,0.0958904109589041,2026-05-15,1.1051988102015602,SPX,2026-04-09,6831.35009765625,19.75,0.03584999799728394,0.015
7575.0,1.1,0.14134717353032972,0.0958904109589041,2026-05-15,1.1088584089108369,SPX,2026-04-09,6831.35009765625,19.75,0.03584999799728394,0.015
7600.0,1.0499999999999998,0.14446404968021156,0.0958904109589041,2026-05-15,1.1125180076201135,SPX,2026-04-09,6831.35009765625,19.75,0.03584999799728394,0.015
7625.0,0.9500000000000001,0.14655574018882125,0.0958904109589041,2026-05-15,1.1161776063293902,SPX,2026-04-09,6831.35009765625,19.75,0.03584999799728394,0.015
7650.0,0.85,0.14840332150669433,0.0958904109589041,2026-05-15,1.1198372050386671,SPX,2026-04-09,6831.35009765625,19.75,0.03584999799728394,0.015
7675.0,0.8,0.1511086766749849,0.0958904109589041,2026-05-15,1.1234968037479438,SPX,2026-04-09,6831.35009765625,19.75,0.03584999799728394,0.015
7700.0,0.75,0.15369700204187273,0.0958904109589041,2026-05-15,1.1271564024572205,SPX,2026-04-09,6831.35009765625,19.75,0.03584999799728394,0.015
7725.0,0.7,0.15616071111565763,0.0958904109589041,2026-05-15,1.1308160011664972,SPX,2026-04-09,6831.35009765625,19.75,0.03584999799728394,0.015
7750.0,0.65,0.15848924393307035,0.0958904109589041,2026-05-15,1.1344755998757738,SPX,2026-04-09,6831.35009765625,19.75,0.03584999799728394,0.015
6850.0,150.35,0.1641143654133572,0.11506849315068493,2026-05-22,1.002730046341813,SPX,2026-04-09,6831.35009765625,19.75,0.03584999799728394,0.015
6875.0,134.5,0.15970969123753254,0.11506849315068493,2026-05-22,1.0063896450510896,SPX,2026-04-09,6831.35009765625,19.75,0.03584999799728394,0.015
6900.0,120.6,0.15668063765917434,0.11506849315068493,2026-05-22,1.0100492437603663,SPX,2026-04-09,6831.35009765625,19.75,0.03584999799728394,0.015
6925.0,106.15,0.15225861486078643,0.11506849315068493,2026-05-22,1.013708842469643,SPX,2026-04-09,6831.35009765625,19.75,0.03584999799728394,0.015
6950.0,93.2,0.14863819866568043,0.11506849315068493,2026-05-22,1.0173684411789197,SPX,2026-04-09,6831.35009765625,19.75,0.03584999799728394,0.015
6975.0,81.1,0.1450712943230216,0.11506849315068493,2026-05-22,1.0210280398881963,SPX,2026-04-09,6831.35009765625,19.75,0.03584999799728394,0.015
7000.0,70.45,0.1422351301135319,0.11506849315068493,2026-05-22,1.024687638597473,SPX,2026-04-09,6831.35009765625,19.75,0.03584999799728394,0.015
7025.0,60.15,0.13881981098611856,0.11506849315068493,2026-05-22,1.0283472373067497,SPX,2026-04-09,6831.35009765625,19.75,0.03584999799728394,0.015
7050.0,50.900000000000006,0.13563325030833812,0.11506849315068493,2026-05-22,1.0320068360160264,SPX,2026-04-09,6831.35009765625,19.75,0.03584999799728394,0.015
7100.0,36.35,0.13125255818845255,0.11506849315068493,2026-05-22,1.0393260334345797,SPX,2026-04-09,6831.35009765625,19.75,0.03584999799728394,0.015
7150.0,25.2,0.12754858418419057,0.11506849315068493,2026-05-22,1.0466452308531333,SPX,2026-04-09,6831.35009765625,19.75,0.03584999799728394,0.015
7200.0,17.25,0.12505842639922649,0.11506849315068493,2026-05-22,1.0539644282716867,SPX,2026-04-09,6831.35009765625,19.75,0.03584999799728394,0.015
7300.0,8.15,0.12355587511345915,0.11506849315068493,2026-05-22,1.0686028231087934,SPX,2026-04-09,6831.35009765625,19.75,0.03584999799728394,0.015
7400.0,4.05,0.1253540350602408,0.11506849315068493,2026-05-22,1.0832412179459001,SPX,2026-04-09,6831.35009765625,19.75,0.03584999799728394,0.015
7600.0,1.4500000000000002,0.13708394274109906,0.11506849315068493,2026-05-22,1.1125180076201135,SPX,2026-04-09,6831.35009765625,19.75,0.03584999799728394,0.015
7800.0,0.7,0.1521173340550662,0.11506849315068493,2026-05-22,1.1417947972943272,SPX,2026-04-09,6831.35009765625,19.75,0.03584999799728394,0.015
6835.0,172.0,0.16495499065423624,0.13424657534246576,2026-05-29,1.000534287116247,SPX,2026-04-09,6831.35009765625,19.75,0.03584999799728394,0.015
6840.0,169.7,0.16514635550082868,0.13424657534246576,2026-05-29,1.0012662068581022,SPX,2026-04-09,6831.35009765625,19.75,0.03584999799728394,0.015
6845.0,165.60000000000002,0.16350540040850942,0.13424657534246576,2026-05-29,1.0019981265999576,SPX,2026-04-09,6831.35009765625,19.75,0.03584999799728394,0.015
6850.0,162.75,0.1630968206531526,0.13424657534246576,2026-05-29,1.002730046341813,SPX,2026-04-09,6831.35009765625,19.75,0.03584999799728394,0.015
6855.0,159.60000000000002,0.1623631543411716,0.13424657534246576,2026-05-29,1.0034619660836683,SPX,2026-04-09,6831.35009765625,19.75,0.03584999799728394,0.015
6860.0,156.89999999999998,0.1620569818619891,0.13424657534246576,2026-05-29,1.0041938858255237,SPX,2026-04-09,6831.35009765625,19.75,0.03584999799728394,0.015
6865.0,153.60000000000002,0.16112432596147905,0.13424657534246576,2026-05-29,1.0049258055673789,SPX,2026-04-09,6831.35009765625,19.75,0.03584999799728394,0.015
6870.0,150.65,0.16051826639379174,0.13424657534246576,2026-05-29,1.0056577253092343,SPX,2026-04-09,6831.35009765625,19.75,0.03584999799728394,0.015
6875.0,147.39999999999998,0.15958614226691406,0.13424657534246576,2026-05-29,1.0063896450510896,SPX,2026-04-09,6831.35009765625,19.75,0.03584999799728394,0.015
6880.0,144.55,0.15903037282326607,0.13424657534246576,2026-05-29,1.007121564792945,SPX,2026-04-09,6831.35009765625,19.75,0.03584999799728394,0.015
6885.0,141.25,0.15799692805757123,0.13424657534246576,2026-05-29,1.0078534845348004,SPX,2026-04-09,6831.35009765625,19.75,0.03584999799728394,0.015
6890.0,138.25,0.15723886424836267,0.13424657534246576,2026-05-29,1.0085854042766556,SPX,2026-04-09,6831.35009765625,19.75,0.03584999799728394,0.015
6895.0,134.7,0.15590051558715945,0.13424657534246576,2026-05-29,1.009317324018511,SPX,2026-04-09,6831.35009765625,19.75,0.03584999799728394,0.015
6900.0,132.10000000000002,0.1554917935523205,0.13424657534246576,2026-05-29,1.0100492437603663,SPX,2026-04-09,6831.35009765625,19.75,0.03584999799728394,0.015
6905.0,129.15,0.15470369650650287,0.13424657534246576,2026-05-29,1.0107811635022217,SPX,2026-04-09,6831.35009765625,19.75,0.03584999799728394,0.015
6910.0,126.6,0.15429239429912106,0.13424657534246576,2026-05-29,1.011513083244077,SPX,2026-04-09,6831.35009765625,19.75,0.03584999799728394,0.015
6915.0,124.05000000000001,0.15385442987388126,0.13424657534246576,2026-05-29,1.0122450029859325,SPX,2026-04-09,6831.35009765625,19.75,0.03584999799728394,0.015
6920.0,120.6,0.15247587603837695,0.13424657534246576,2026-05-29,1.0129769227277876,SPX,2026-04-09,6831.35009765625,19.75,0.03584999799728394,0.015
6925.0,117.9,0.15182909187136964,0.13424657534246576,2026-05-29,1.013708842469643,SPX,2026-04-09,6831.35009765625,19.75,0.03584999799728394,0.015
6930.0,115.5,0.1514597393579075,0.13424657534246576,2026-05-29,1.0144407622114984,SPX,2026-04-09,6831.35009765625,19.75,0.03584999799728394,0.015
6935.0,112.15,0.1500914062764773,0.13424657534246576,2026-05-29,1.0151726819533538,SPX,2026-04-09,6831.35009765625,19.75,0.03584999799728394,0.015
6940.0,110.2,0.15012563990445527,0.13424657534246576,2026-05-29,1.0159046016952091,SPX,2026-04-09,6831.35009765625,19.75,0.03584999799728394,0.015
6945.0,107.65,0.1495170738545092,0.13424657534246576,2026-05-29,1.0166365214370643,SPX,2026-04-09,6831.35009765625,19.75,0.03584999799728394,0.015
6950.0,104.7,0.14846643228200362,0.13424657534246576,2026-05-29,1.0173684411789197,SPX,2026-04-09,6831.35009765625,19.75,0.03584999799728394,0.015
6955.0,102.44999999999999,0.1481072022024152,0.13424657534246576,2026-05-29,1.018100360920775,SPX,2026-04-09,6831.35009765625,19.75,0.03584999799728394,0.015
6960.0,99.6,0.1470957559770782,0.13424657534246576,2026-05-29,1.0188322806626304,SPX,2026-04-09,6831.35009765625,19.75,0.03584999799728394,0.015
6965.0,97.3,0.14662457847299357,0.13424657534246576,2026-05-29,1.0195642004044858,SPX,2026-04-09,6831.35009765625,19.75,0.03584999799728394,0.015
6970.0,94.2,0.14528436359652522,0.13424657534246576,2026-05-29,1.020296120146341,SPX,2026-04-09,6831.35009765625,19.75,0.03584999799728394,0.015
6975.0,92.3,0.14517036277284637,0.13424657534246576,2026-05-29,1.0210280398881963,SPX,2026-04-09,6831.35009765625,19.75,0.03584999799728394,0.015
6980.0,89.3,0.14386431239004815,0.13424657534246576,2026-05-29,1.0217599596300517,SPX,2026-04-09,6831.35009765625,19.75,0.03584999799728394,0.015
6985.0,87.6,0.14390248078095863,0.13424657534246576,2026-05-29,1.022491879371907,SPX,2026-04-09,6831.35009765625,19.75,0.03584999799728394,0.015
6990.0,85.1,0.14305869538899127,0.13424657534246576,2026-05-29,1.0232237991137625,SPX,2026-04-09,6831.35009765625,19.75,0.03584999799728394,0.015
6995.0,82.85,0.14244813640637569,0.13424657534246576,2026-05-29,1.0239557188556176,SPX,2026-04-09,6831.35009765625,19.75,0.03584999799728394,0.015
7000.0,80.7,0.14191223230876077,0.13424657534246576,2026-05-29,1.024687638597473,SPX,2026-04-09,6831.35009765625,19.75,0.03584999799728394,0.015
7005.0,78.65,0.1414521557846075,0.13424657534246576,2026-05-29,1.0254195583393284,SPX,2026-04-09,6831.35009765625,19.75,0.03584999799728394,0.015
7010.0,76.3,0.1406307511301678,0.13424657534246576,2026-05-29,1.0261514780811838,SPX,2026-04-09,6831.35009765625,19.75,0.03584999799728394,0.015
7015.0,74.2,0.14004806642739254,0.13424657534246576,2026-05-29,1.0268833978230392,SPX,2026-04-09,6831.35009765625,19.75,0.03584999799728394,0.015
7020.0,72.0,0.13931876579426342,0.13424657534246576,2026-05-29,1.0276153175648945,SPX,2026-04-09,6831.35009765625,19.75,0.03584999799728394,0.015
7025.0,70.15,0.13894428381385443,0.13424657534246576,2026-05-29,1.0283472373067497,SPX,2026-04-09,6831.35009765625,19.75,0.03584999799728394,0.015
7030.0,68.2,0.1384244127027974,0.13424657534246576,2026-05-29,1.029079157048605,SPX,2026-04-09,6831.35009765625,19.75,0.03584999799728394,0.015
7035.0,66.15,0.13775569909637556,0.13424657534246576,2026-05-29,1.0298110767904605,SPX,2026-04-09,6831.35009765625,19.75,0.03584999799728394,0.015
7040.0,64.1,0.1370490037254699,0.13424657534246576,2026-05-29,1.0305429965323158,SPX,2026-04-09,6831.35009765625,19.75,0.03584999799728394,0.015
7045.0,62.3,0.1365925645892527,0.13424657534246576,2026-05-29,1.0312749162741712,SPX,2026-04-09,6831.35009765625,19.75,0.03584999799728394,0.015
7050.0,60.2,0.13575044601507058,0.13424657534246576,2026-05-29,1.0320068360160264,SPX,2026-04-09,6831.35009765625,19.75,0.03584999799728394,0.015
7055.0,58.7,0.13557312173857552,0.13424657534246576,2026-05-29,1.0327387557578818,SPX,2026-04-09,6831.35009765625,19.75,0.03584999799728394,0.015
7060.0,56.900000000000006,0.13500849388747055,0.13424657534246576,2026-05-29,1.0334706754997371,SPX,2026-04-09,6831.35009765625,19.75,0.03584999799728394,0.015
7065.0,55.05,0.13434478329456667,0.13424657534246576,2026-05-29,1.0342025952415925,SPX,2026-04-09,6831.35009765625,19.75,0.03584999799728394,0.015
7070.0,53.35,0.13382265067798238,0.13424657534246576,2026-05-29,1.034934514983448,SPX,2026-04-09,6831.35009765625,19.75,0.03584999799728394,0.015
7075.0,51.65,0.13326210650738946,0.13424657534246576,2026-05-29,1.035666434725303,SPX,2026-04-09,6831.35009765625,19.75,0.03584999799728394,0.015
7080.0,50.2,0.13297229997876125,0.13424657534246576,2026-05-29,1.0363983544671584,SPX,2026-04-09,6831.35009765625,19.75,0.03584999799728394,0.015
7085.0,48.55,0.13239741518710882,0.13424657534246576,2026-05-29,1.0371302742090138,SPX,2026-04-09,6831.35009765625,19.75,0.03584999799728394,0.015
7090.0,47.0,0.13190869509787934,0.13424657534246576,2026-05-29,1.0378621939508692,SPX,2026-04-09,6831.35009765625,19.75,0.03584999799728394,0.015
7095.0,45.5,0.1314450144758337,0.13424657534246576,2026-05-29,1.0385941136927246,SPX,2026-04-09,6831.35009765625,19.75,0.03584999799728394,0.015
7100.0,44.05,0.1310074148921024,0.13424657534246576,2026-05-29,1.0393260334345797,SPX,2026-04-09,6831.35009765625,19.75,0.03584999799728394,0.015
7105.0,42.35,0.13020086716465995,0.13424657534246576,2026-05-29,1.0400579531764351,SPX,2026-04-09,6831.35009765625,19.75,0.03584999799728394,0.015
7110.0,41.25,0.1301479029730458,0.13424657534246576,2026-05-29,1.0407898729182905,SPX,2026-04-09,6831.35009765625,19.75,0.03584999799728394,0.015
7115.0,39.65,0.1293882969672192,0.13424657534246576,2026-05-29,1.0415217926601459,SPX,2026-04-09,6831.35009765625,19.75,0.03584999799728394,0.015
7120.0,38.45,0.1291291754763282,0.13424657534246576,2026-05-29,1.0422537124020013,SPX,2026-04-09,6831.35009765625,19.75,0.03584999799728394,0.015
7125.0,37.25,0.12883467358684816,0.13424657534246576,2026-05-29,1.0429856321438566,SPX,2026-04-09,6831.35009765625,19.75,0.03584999799728394,0.015
7130.0,35.85,0.12822105902450884,0.13424657534246576,2026-05-29,1.0437175518857118,SPX,2026-04-09,6831.35009765625,19.75,0.03584999799728394,0.015
7135.0,34.75,0.12799169855767012,0.13424657534246576,2026-05-29,1.0444494716275672,SPX,2026-04-09,6831.35009765625,19.75,0.03584999799728394,0.015
7140.0,33.45,0.12743592561212744,0.13424657534246576,2026-05-29,1.0451813913694226,SPX,2026-04-09,6831.35009765625,19.75,0.03584999799728394,0.015
7145.0,32.55,0.12742580587771699,0.13424657534246576,2026-05-29,1.045913311111278,SPX,2026-04-09,6831.35009765625,19.75,0.03584999799728394,0.015
7150.0,31.4,0.1270120095787067,0.13424657534246576,2026-05-29,1.0466452308531333,SPX,2026-04-09,6831.35009765625,19.75,0.03584999799728394,0.015
7155.0,30.35,0.12670897430319317,0.13424657534246576,2026-05-29,1.0473771505949885,SPX,2026-04-09,6831.35009765625,19.75,0.03584999799728394,0.015
7160.0,29.35,0.12644512107634467,0.13424657534246576,2026-05-29,1.0481090703368439,SPX,2026-04-09,6831.35009765625,19.75,0.03584999799728394,0.015
7165.0,28.35,0.12614379020593303,0.13424657534246576,2026-05-29,1.0488409900786992,SPX,2026-04-09,6831.35009765625,19.75,0.03584999799728394,0.015
7170.0,27.3,0.12572386072719782,0.13424657534246576,2026-05-29,1.0495729098205546,SPX,2026-04-09,6831.35009765625,19.75,0.03584999799728394,0.015
7175.0,26.4,0.12550500352656532,0.13424657534246576,2026-05-29,1.05030482956241,SPX,2026-04-09,6831.35009765625,19.75,0.03584999799728394,0.015
7180.0,25.45,0.12516722822558227,0.13424657534246576,2026-05-29,1.0510367493042652,SPX,2026-04-09,6831.35009765625,19.75,0.03584999799728394,0.015
7185.0,24.45,0.1247038699452082,0.13424657534246576,2026-05-29,1.0517686690461205,SPX,2026-04-09,6831.35009765625,19.75,0.03584999799728394,0.015
7190.0,23.75,0.1247104403533337,0.13424657534246576,2026-05-29,1.052500588787976,SPX,2026-04-09,6831.35009765625,19.75,0.03584999799728394,0.015
7195.0,22.85,0.12433860544479532,0.13424657534246576,2026-05-29,1.0532325085298313,SPX,2026-04-09,6831.35009765625,19.75,0.03584999799728394,0.015
7200.0,22.1,0.12419116619564684,0.13424657534246576,2026-05-29,1.0539644282716867,SPX,2026-04-09,6831.35009765625,19.75,0.03584999799728394,0.015
7205.0,21.3,0.12391827225336938,0.13424657534246576,2026-05-29,1.0546963480135418,SPX,2026-04-09,6831.35009765625,19.75,0.03584999799728394,0.015
7210.0,20.6,0.12379100877753654,0.13424657534246576,2026-05-29,1.0554282677553972,SPX,2026-04-09,6831.35009765625,19.75,0.03584999799728394,0.015
7215.0,19.7,0.1232522260683858,0.13424657534246576,2026-05-29,1.0561601874972526,SPX,2026-04-09,6831.35009765625,19.75,0.03584999799728394,0.015
7220.0,19.15,0.1233368118137631,0.13424657534246576,2026-05-29,1.056892107239108,SPX,2026-04-09,6831.35009765625,19.75,0.03584999799728394,0.015
7225.0,18.450000000000003,0.12310109090095203,0.13424657534246576,2026-05-29,1.0576240269809634,SPX,2026-04-09,6831.35009765625,19.75,0.03584999799728394,0.015
7230.0,17.8,0.12292666635823996,0.13424657534246576,2026-05-29,1.0583559467228187,SPX,2026-04-09,6831.35009765625,19.75,0.03584999799728394,0.015
7235.0,17.1,0.12261376709583974,0.13424657534246576,2026-05-29,1.059087866464674,SPX,2026-04-09,6831.35009765625,19.75,0.03584999799728394,0.015
7240.0,16.6,0.12267534640976466,0.13424657534246576,2026-05-29,1.0598197862065293,SPX,2026-04-09,6831.35009765625,19.75,0.03584999799728394,0.015
7245.0,16.05,0.12260385460351987,0.13424657534246576,2026-05-29,1.0605517059483847,SPX,2026-04-09,6831.35009765625,19.75,0.03584999799728394,0.015
7250.0,15.399999999999999,0.12228288444099783,0.13424657534246576,2026-05-29,1.06128362569024,SPX,2026-04-09,6831.35009765625,19.75,0.03584999799728394,0.015
7255.0,14.899999999999999,0.12225173265407571,0.13424657534246576,2026-05-29,1.0620155454320954,SPX,2026-04-09,6831.35009765625,19.75,0.03584999799728394,0.015
7260.0,14.35,0.12207645919972072,0.13424657534246576,2026-05-29,1.0627474651739506,SPX,2026-04-09,6831.35009765625,19.75,0.03584999799728394,0.015
7265.0,13.75,0.12174821725298382,0.13424657534246576,2026-05-29,1.063479384915806,SPX,2026-04-09,6831.35009765625,19.75,0.03584999799728394,0.015
7270.0,13.35,0.1218496276815034,0.13424657534246576,2026-05-29,1.0642113046576613,SPX,2026-04-09,6831.35009765625,19.75,0.03584999799728394,0.015
7275.0,12.8,0.12156303440723146,0.13424657534246576,2026-05-29,1.0649432243995167,SPX,2026-04-09,6831.35009765625,19.75,0.03584999799728394,0.015
7280.0,12.35,0.12148167876387839,0.13424657534246576,2026-05-29,1.065675144141372,SPX,2026-04-09,6831.35009765625,19.75,0.03584999799728394,0.015
7285.0,12.0,0.12161986675779854,0.13424657534246576,2026-05-29,1.0664070638832273,SPX,2026-04-09,6831.35009765625,19.75,0.03584999799728394,0.015
7290.0,11.600000000000001,0.12160549165817663,0.13424657534246576,2026-05-29,1.0671389836250826,SPX,2026-04-09,6831.35009765625,19.75,0.03584999799728394,0.015
7295.0,11.15,0.1214294544226539,0.13424657534246576,2026-05-29,1.067870903366938,SPX,2026-04-09,6831.35009765625,19.75,0.03584999799728394,0.015
7300.0,10.8,0.1214853739749151,0.13424657534246576,2026-05-29,1.0686028231087934,SPX,2026-04-09,6831.35009765625,19.75,0.03584999799728394,0.015
7305.0,10.399999999999999,0.12137667013522654,0.13424657534246576,2026-05-29,1.0693347428506488,SPX,2026-04-09,6831.35009765625,19.75,0.03584999799728394,0.015
7310.0,10.05,0.12137461739177771,0.13424657534246576,2026-05-29,1.070066662592504,SPX,2026-04-09,6831.35009765625,19.75,0.03584999799728394,0.015
7315.0,9.75,0.12148718470748948,0.13424657534246576,2026-05-29,1.0707985823343593,SPX,2026-04-09,6831.35009765625,19.75,0.03584999799728394,0.015
7320.0,9.35,0.12128077305526808,0.13424657534246576,2026-05-29,1.0715305020762147,SPX,2026-04-09,6831.35009765625,19.75,0.03584999799728394,0.015
7325.0,9.05,0.12133728252436878,0.13424657534246576,2026-05-29,1.07226242181807,SPX,2026-04-09,6831.35009765625,19.75,0.03584999799728394,0.015
7330.0,8.65,0.1210575022155401,0.13424657534246576,2026-05-29,1.0729943415599255,SPX,2026-04-09,6831.35009765625,19.75,0.03584999799728394,0.015
7335.0,8.45,0.12136912647114603,0.13424657534246576,2026-05-29,1.0737262613017808,SPX,2026-04-09,6831.35009765625,19.75,0.03584999799728394,0.015
7340.0,8.15,0.12134202895524715,0.13424657534246576,2026-05-29,1.074458181043636,SPX,2026-04-09,6831.35009765625,19.75,0.03584999799728394,0.015
7345.0,7.85,0.12128442351170435,0.13424657534246576,2026-05-29,1.0751901007854914,SPX,2026-04-09,6831.35009765625,19.75,0.03584999799728394,0.015
7350.0,7.6,0.12136458493194434,0.13424657534246576,2026-05-29,1.0759220205273468,SPX,2026-04-09,6831.35009765625,19.75,0.03584999799728394,0.015
7355.0,7.35,0.12141947276751552,0.13424657534246576,2026-05-29,1.0766539402692021,SPX,2026-04-09,6831.35009765625,19.75,0.03584999799728394,0.015
7360.0,7.1,0.12144805817481139,0.13424657534246576,2026-05-29,1.0773858600110575,SPX,2026-04-09,6831.35009765625,19.75,0.03584999799728394,0.015
7365.0,6.85,0.1214490721908407,0.13424657534246576,2026-05-29,1.0781177797529127,SPX,2026-04-09,6831.35009765625,19.75,0.03584999799728394,0.015
7370.0,6.65,0.12160685714252759,0.13424657534246576,2026-05-29,1.078849699494768,SPX,2026-04-09,6831.35009765625,19.75,0.03584999799728394,0.015
7375.0,6.449999999999999,0.12174372038242799,0.13424657534246576,2026-05-29,1.0795816192366234,SPX,2026-04-09,6831.35009765625,19.75,0.03584999799728394,0.015
7380.0,6.2,0.12166370453780422,0.13424657534246576,2026-05-29,1.0803135389784788,SPX,2026-04-09,6831.35009765625,19.75,0.03584999799728394,0.015
7385.0,6.1,0.12214798140875216,0.13424657534246576,2026-05-29,1.0810454587203342,SPX,2026-04-09,6831.35009765625,19.75,0.03584999799728394,0.015
7390.0,5.85,0.12201702948748573,0.13424657534246576,2026-05-29,1.0817773784621894,SPX,2026-04-09,6831.35009765625,19.75,0.03584999799728394,0.015
7395.0,5.7,0.12226695795364874,0.13424657534246576,2026-05-29,1.0825092982040447,SPX,2026-04-09,6831.35009765625,19.75,0.03584999799728394,0.015
7400.0,5.5,0.12228776827966842,0.13424657534246576,2026-05-29,1.0832412179459001,SPX,2026-04-09,6831.35009765625,19.75,0.03584999799728394,0.015
7405.0,5.3,0.1222811350289578,0.13424657534246576,2026-05-29,1.0839731376877555,SPX,2026-04-09,6831.35009765625,19.75,0.03584999799728394,0.015
7410.0,5.199999999999999,0.12269158537240013,0.13424657534246576,2026-05-29,1.0847050574296109,SPX,2026-04-09,6831.35009765625,19.75,0.03584999799728394,0.015
7415.0,4.949999999999999,0.12240953631250047,0.13424657534246576,2026-05-29,1.085436977171466,SPX,2026-04-09,6831.35009765625,19.75,0.03584999799728394,0.015
7420.0,4.9,0.1230193744228666,0.13424657534246576,2026-05-29,1.0861688969133214,SPX,2026-04-09,6831.35009765625,19.75,0.03584999799728394,0.015
7425.0,4.7,0.12291519161801918,0.13424657534246576,2026-05-29,1.0869008166551768,SPX,2026-04-09,6831.35009765625,19.75,0.03584999799728394,0.015
7435.0,4.4,0.12310558200556262,0.13424657534246576,2026-05-29,1.0883646561388876,SPX,2026-04-09,6831.35009765625,19.75,0.03584999799728394,0.015
7440.0,4.25,0.12316582564404487,0.13424657534246576,2026-05-29,1.089096575880743,SPX,2026-04-09,6831.35009765625,19.75,0.03584999799728394,0.015
7445.0,4.15,0.12346367278585453,0.13424657534246576,2026-05-29,1.089828495622598,SPX,2026-04-09,6831.35009765625,19.75,0.03584999799728394,0.015
7450.0,4.05,0.12374764055956987,0.13424657534246576,2026-05-29,1.0905604153644535,SPX,2026-04-09,6831.35009765625,19.75,0.03584999799728394,0.015
7455.0,3.9499999999999997,0.12401776257441126,0.13424657534246576,2026-05-29,1.0912923351063089,SPX,2026-04-09,6831.35009765625,19.75,0.03584999799728394,0.015
7460.0,3.8,0.12399422658835833,0.13424657534246576,2026-05-29,1.0920242548481642,SPX,2026-04-09,6831.35009765625,19.75,0.03584999799728394,0.015
7465.0,3.75,0.12451254705730935,0.13424657534246576,2026-05-29,1.0927561745900196,SPX,2026-04-09,6831.35009765625,19.75,0.03584999799728394,0.015
7470.0,3.65,0.12473675929725053,0.13424657534246576,2026-05-29,1.0934880943318748,SPX,2026-04-09,6831.35009765625,19.75,0.03584999799728394,0.015
7475.0,3.55,0.12494471530832331,0.13424657534246576,2026-05-29,1.0942200140737302,SPX,2026-04-09,6831.35009765625,19.75,0.03584999799728394,0.015
7480.0,3.45,0.12513581791199638,0.13424657534246576,2026-05-29,1.0949519338155855,SPX,2026-04-09,6831.35009765625,19.75,0.03584999799728394,0.015
7485.0,3.3,0.1249992312669851,0.13424657534246576,2026-05-29,1.095683853557441,SPX,2026-04-09,6831.35009765625,19.75,0.03584999799728394,0.015
7490.0,3.25,0.12546481471668036,0.13424657534246576,2026-05-29,1.0964157732992963,SPX,2026-04-09,6831.35009765625,19.75,0.03584999799728394,0.015
7495.0,3.15,0.12560124112298182,0.13424657534246576,2026-05-29,1.0971476930411515,SPX,2026-04-09,6831.35009765625,19.75,0.03584999799728394,0.015
7500.0,3.075,0.12588326338373465,0.13424657534246576,2026-05-29,1.0978796127830068,SPX,2026-04-09,6831.35009765625,19.75,0.03584999799728394,0.015
7510.0,2.95,0.1265786367729171,0.13424657534246576,2026-05-29,1.0993434522667176,SPX,2026-04-09,6831.35009765625,19.75,0.03584999799728394,0.015
7515.0,2.825,0.12647279238456946,0.13424657534246576,2026-05-29,1.100075372008573,SPX,2026-04-09,6831.35009765625,19.75,0.03584999799728394,0.015
7520.0,2.775,0.12687527569771315,0.13424657534246576,2026-05-29,1.1008072917504281,SPX,2026-04-09,6831.35009765625,19.75,0.03584999799728394,0.015
7525.0,2.675,0.12690339115612234,0.13424657534246576,2026-05-29,1.1015392114922835,SPX,2026-04-09,6831.35009765625,19.75,0.03584999799728394,0.015
7535.0,2.575,0.12765355026670652,0.13424657534246576,2026-05-29,1.1030030509759943,SPX,2026-04-09,6831.35009765625,19.75,0.03584999799728394,0.015
7540.0,2.475,0.12762568082328923,0.13424657534246576,2026-05-29,1.1037349707178497,SPX,2026-04-09,6831.35009765625,19.75,0.03584999799728394,0.015
7550.0,2.375,0.12830710180636518,0.13424657534246576,2026-05-29,1.1051988102015602,SPX,2026-04-09,6831.35009765625,19.75,0.03584999799728394,0.015
7555.0,2.3,0.12842530431793267,0.13424657534246576,2026-05-29,1.1059307299434156,SPX,2026-04-09,6831.35009765625,19.75,0.03584999799728394,0.015
7560.0,2.275,0.12894776598294994,0.13424657534246576,2026-05-29,1.106662649685271,SPX,2026-04-09,6831.35009765625,19.75,0.03584999799728394,0.015
7565.0,2.2,0.12903688822682916,0.13424657534246576,2026-05-29,1.1073945694271263,SPX,2026-04-09,6831.35009765625,19.75,0.03584999799728394,0.015
7575.0,2.125,0.129828048822309,0.13424657534246576,2026-05-29,1.1088584089108369,SPX,2026-04-09,6831.35009765625,19.75,0.03584999799728394,0.015
7580.0,2.05,0.12987088910052882,0.13424657534246576,2026-05-29,1.1095903286526922,SPX,2026-04-09,6831.35009765625,19.75,0.03584999799728394,0.015
7585.0,1.25,0.12200165882616586,0.13424657534246576,2026-05-29,1.1103222483945476,SPX,2026-04-09,6831.35009765625,19.75,0.03584999799728394,0.015
7590.0,1.975,0.130604247771771,0.13424657534246576,2026-05-29,1.111054168136403,SPX,2026-04-09,6831.35009765625,19.75,0.03584999799728394,0.015
7595.0,1.9500000000000002,0.13107845442968064,0.13424657534246576,2026-05-29,1.1117860878782584,SPX,2026-04-09,6831.35009765625,19.75,0.03584999799728394,0.015
7600.0,1.85,0.13081068782047972,0.13424657534246576,2026-05-29,1.1125180076201135,SPX,2026-04-09,6831.35009765625,19.75,0.03584999799728394,0.015
7630.0,1.625,0.1326355764518798,0.13424657534246576,2026-05-29,1.1169095260712456,SPX,2026-04-09,6831.35009765625,19.75,0.03584999799728394,0.015
7640.0,1.575,0.1334490706626919,0.13424657534246576,2026-05-29,1.1183733655549564,SPX,2026-04-09,6831.35009765625,19.75,0.03584999799728394,0.015
7650.0,1.525,0.13423763005014036,0.13424657534246576,2026-05-29,1.1198372050386671,SPX,2026-04-09,6831.35009765625,19.75,0.03584999799728394,0.015
7660.0,1.4500000000000002,0.13469472199153298,0.13424657534246576,2026-05-29,1.1213010445223777,SPX,2026-04-09,6831.35009765625,19.75,0.03584999799728394,0.015
7670.0,1.4,0.1354210376673187,0.13424657534246576,2026-05-29,1.1227648840060884,SPX,2026-04-09,6831.35009765625,19.75,0.03584999799728394,0.015
7700.0,1.25,0.13742177357799357,0.13424657534246576,2026-05-29,1.1271564024572205,SPX,2026-04-09,6831.35009765625,19.75,0.03584999799728394,0.015
7730.0,1.15,0.13989465034500842,0.13424657534246576,2026-05-29,1.1315479209083523,SPX,2026-04-09,6831.35009765625,19.75,0.03584999799728394,0.015
7750.0,1.075,0.14130626889309597,0.13424657534246576,2026-05-29,1.1344755998757738,SPX,2026-04-09,6831.35009765625,19.75,0.03584999799728394,0.015
7760.0,1.075,0.1425900683098679,0.13424657534246576,2026-05-29,1.1359394393594844,SPX,2026-04-09,6831.35009765625,19.75,0.03584999799728394,0.015
7800.0,0.925,0.1450552917579553,0.13424657534246576,2026-05-29,1.1417947972943272,SPX,2026-04-09,6831.35009765625,19.75,0.03584999799728394,0.015
7820.0,0.875,0.14659439084790923,0.13424657534246576,2026-05-29,1.1447224762617485,SPX,2026-04-09,6831.35009765625,19.75,0.03584999799728394,0.015
6835.0,211.8,0.16959232453074302,0.18904109589041096,2026-06-18,1.000534287116247,SPX,2026-04-09,6831.35009765625,19.75,0.03584999799728394,0.015
6840.0,209.7,0.16992485801917265,0.18904109589041096,2026-06-18,1.0012662068581022,SPX,2026-04-09,6831.35009765625,19.75,0.03584999799728394,0.015
6845.0,205.14999999999998,0.16816261502014812,0.18904109589041096,2026-06-18,1.0019981265999576,SPX,2026-04-09,6831.35009765625,19.75,0.03584999799728394,0.015
6850.0,203.10000000000002,0.1685045998139694,0.18904109589041096,2026-06-18,1.002730046341813,SPX,2026-04-09,6831.35009765625,19.75,0.03584999799728394,0.015
6855.0,198.45,0.1666269852179598,0.18904109589041096,2026-06-18,1.0034619660836683,SPX,2026-04-09,6831.35009765625,19.75,0.03584999799728394,0.015
6860.0,196.7,0.16718980067787567,0.18904109589041096,2026-06-18,1.0041938858255237,SPX,2026-04-09,6831.35009765625,19.75,0.03584999799728394,0.015
6865.0,192.35,0.16553447262679866,0.18904109589041096,2026-06-18,1.0049258055673789,SPX,2026-04-09,6831.35009765625,19.75,0.03584999799728394,0.015
6870.0,189.7,0.16530179347805582,0.18904109589041096,2026-06-18,1.0056577253092343,SPX,2026-04-09,6831.35009765625,19.75,0.03584999799728394,0.015
6875.0,186.25,0.16437513045359917,0.18904109589041096,2026-06-18,1.0063896450510896,SPX,2026-04-09,6831.35009765625,19.75,0.03584999799728394,0.015
6880.0,182.95,0.1635584047966425,0.18904109589041096,2026-06-18,1.007121564792945,SPX,2026-04-09,6831.35009765625,19.75,0.03584999799728394,0.015
6885.0,179.64999999999998,0.1627244260266698,0.18904109589041096,2026-06-18,1.0078534845348004,SPX,2026-04-09,6831.35009765625,19.75,0.03584999799728394,0.015
6890.0,176.8,0.16225397165613772,0.18904109589041096,2026-06-18,1.0085854042766556,SPX,2026-04-09,6831.35009765625,19.75,0.03584999799728394,0.015
6895.0,173.8,0.1616395024589572,0.18904109589041096,2026-06-18,1.009317324018511,SPX,2026-04-09,6831.35009765625,19.75,0.03584999799728394,0.015
6900.0,171.8,0.161854247320078,0.18904109589041096,2026-06-18,1.0100492437603663,SPX,2026-04-09,6831.35009765625,19.75,0.03584999799728394,0.015
6905.0,167.8,0.16035620613259757,0.18904109589041096,2026-06-18,1.0107811635022217,SPX,2026-04-09,6831.35009765625,19.75,0.03584999799728394,0.015
6910.0,164.95,0.1598147577016364,0.18904109589041096,2026-06-18,1.011513083244077,SPX,2026-04-09,6831.35009765625,19.75,0.03584999799728394,0.015
6915.0,161.5,0.15874505111572457,0.18904109589041096,2026-06-18,1.0122450029859325,SPX,2026-04-09,6831.35009765625,19.75,0.03584999799728394,0.015
6920.0,159.75,0.1591017555085737,0.18904109589041096,2026-06-18,1.0129769227277876,SPX,2026-04-09,6831.35009765625,19.75,0.03584999799728394,0.015
6925.0,155.7,0.1574842663243351,0.18904109589041096,2026-06-18,1.013708842469643,SPX,2026-04-09,6831.35009765625,19.75,0.03584999799728394,0.015
6930.0,154.15,0.1579758391906038,0.18904109589041096,2026-06-18,1.0144407622114984,SPX,2026-04-09,6831.35009765625,19.75,0.03584999799728394,0.015
6935.0,149.4,0.15572066611811142,0.18904109589041096,2026-06-18,1.0151726819533538,SPX,2026-04-09,6831.35009765625,19.75,0.03584999799728394,0.015
6940.0,148.39999999999998,0.15664602365972968,0.18904109589041096,2026-06-18,1.0159046016952091,SPX,2026-04-09,6831.35009765625,19.75,0.03584999799728394,0.015
6945.0,144.35,0.15494580347630868,0.18904109589041096,2026-06-18,1.0166365214370643,SPX,2026-04-09,6831.35009765625,19.75,0.03584999799728394,0.015
6950.0,142.89999999999998,0.155452010804956,0.18904109589041096,2026-06-18,1.0173684411789197,SPX,2026-04-09,6831.35009765625,19.75,0.03584999799728394,0.015
6955.0,138.85,0.1537081540998051,0.18904109589041096,2026-06-18,1.018100360920775,SPX,2026-04-09,6831.35009765625,19.75,0.03584999799728394,0.015
6960.0,136.35000000000002,0.15327433681483527,0.18904109589041096,2026-06-18,1.0188322806626304,SPX,2026-04-09,6831.35009765625,19.75,0.03584999799728394,0.015
6965.0,133.5,0.1525186904458388,0.18904109589041096,2026-06-18,1.0195642004044858,SPX,2026-04-09,6831.35009765625,19.75,0.03584999799728394,0.015
6970.0,130.25,0.15139540775595375,0.18904109589041096,2026-06-18,1.020296120146341,SPX,2026-04-09,6831.35009765625,19.75,0.03584999799728394,0.015
6975.0,129.35,0.15228758210630913,0.18904109589041096,2026-06-18,1.0210280398881963,SPX,2026-04-09,6831.35009765625,19.75,0.03584999799728394,0.015
6980.0,125.55000000000001,0.1506437674263839,0.18904109589041096,2026-06-18,1.0217599596300517,SPX,2026-04-09,6831.35009765625,19.75,0.03584999799728394,0.015
6985.0,123.19999999999999,0.15023780664243458,0.18904109589041096,2026-06-18,1.022491879371907,SPX,2026-04-09,6831.35009765625,19.75,0.03584999799728394,0.015
6990.0,121.35,0.15024948940208357,0.18904109589041096,2026-06-18,1.0232237991137625,SPX,2026-04-09,6831.35009765625,19.75,0.03584999799728394,0.015
7000.0,114.94999999999999,0.1478394527234536,0.18904109589041096,2026-06-18,1.024687638597473,SPX,2026-04-09,6831.35009765625,19.75,0.03584999799728394,0.015
7010.0,111.1,0.14758652710498604,0.18904109589041096,2026-06-18,1.0261514780811838,SPX,2026-04-09,6831.35009765625,19.75,0.03584999799728394,0.015
7020.0,107.0,0.14703299433372405,0.18904109589041096,2026-06-18,1.0276153175648945,SPX,2026-04-09,6831.35009765625,19.75,0.03584999799728394,0.015
7025.0,104.45,0.14627642593994733,0.18904109589041096,2026-06-18,1.0283472373067497,SPX,2026-04-09,6831.35009765625,19.75,0.03584999799728394,0.015
7030.0,102.15,0.14572066577410558,0.18904109589041096,2026-06-18,1.029079157048605,SPX,2026-04-09,6831.35009765625,19.75,0.03584999799728394,0.015
7040.0,96.65,0.14371828461289193,0.18904109589041096,2026-06-18,1.0305429965323158,SPX,2026-04-09,6831.35009765625,19.75,0.03584999799728394,0.015
7050.0,93.15,0.14344412639373194,0.18904109589041096,2026-06-18,1.0320068360160264,SPX,2026-04-09,6831.35009765625,19.75,0.03584999799728394,0.015
7060.0,88.0,0.14155300595241718,0.18904109589041096,2026-06-18,1.0334706754997371,SPX,2026-04-09,6831.35009765625,19.75,0.03584999799728394,0.015
7070.0,84.1,0.1407223141684784,0.18904109589041096,2026-06-18,1.034934514983448,SPX,2026-04-09,6831.35009765625,19.75,0.03584999799728394,0.015
7075.0,81.9,0.1400338844935047,0.18904109589041096,2026-06-18,1.035666434725303,SPX,2026-04-09,6831.35009765625,19.75,0.03584999799728394,0.015
7080.0,80.65,0.14022576234931355,0.18904109589041096,2026-06-18,1.0363983544671584,SPX,2026-04-09,6831.35009765625,19.75,0.03584999799728394,0.015
7090.0,76.1,0.13857586223375165,0.18904109589041096,2026-06-18,1.0378621939508692,SPX,2026-04-09,6831.35009765625,19.75,0.03584999799728394,0.015
7100.0,72.4,0.13763887711289938,0.18904109589041096,2026-06-18,1.0393260334345797,SPX,2026-04-09,6831.35009765625,19.75,0.03584999799728394,0.015
7110.0,69.0,0.13689740930346936,0.18904109589041096,2026-06-18,1.0407898729182905,SPX,2026-04-09,6831.35009765625,19.75,0.03584999799728394,0.015
7120.0,65.4,0.13585336895418257,0.18904109589041096,2026-06-18,1.0422537124020013,SPX,2026-04-09,6831.35009765625,19.75,0.03584999799728394,0.015
7125.0,63.75,0.13544335926100273,0.18904109589041096,2026-06-18,1.0429856321438566,SPX,2026-04-09,6831.35009765625,19.75,0.03584999799728394,0.015
7130.0,62.75,0.1356785441957074,0.18904109589041096,2026-06-18,1.0437175518857118,SPX,2026-04-09,6831.35009765625,19.75,0.03584999799728394,0.015
7140.0,59.599999999999994,0.13489583378772355,0.18904109589041096,2026-06-18,1.0451813913694226,SPX,2026-04-09,6831.35009765625,19.75,0.03584999799728394,0.015
7150.0,55.95,0.13347167050930703,0.18904109589041096,2026-06-18,1.0466452308531333,SPX,2026-04-09,6831.35009765625,19.75,0.03584999799728394,0.015
7160.0,52.95,0.13262459425538117,0.18904109589041096,2026-06-18,1.0481090703368439,SPX,2026-04-09,6831.35009765625,19.75,0.03584999799728394,0.015
7170.0,50.900000000000006,0.13272569635064804,0.18904109589041096,2026-06-18,1.0495729098205546,SPX,2026-04-09,6831.35009765625,19.75,0.03584999799728394,0.015
7175.0,49.45,0.1322697338568047,0.18904109589041096,2026-06-18,1.05030482956241,SPX,2026-04-09,6831.35009765625,19.75,0.03584999799728394,0.015
7180.0,47.900000000000006,0.1316708891044732,0.18904109589041096,2026-06-18,1.0510367493042652,SPX,2026-04-09,6831.35009765625,19.75,0.03584999799728394,0.015
7190.0,45.55,0.1312487161303321,0.18904109589041096,2026-06-18,1.052500588787976,SPX,2026-04-09,6831.35009765625,19.75,0.03584999799728394,0.015
7200.0,42.85,0.13031150189804327,0.18904109589041096,2026-06-18,1.0539644282716867,SPX,2026-04-09,6831.35009765625,19.75,0.03584999799728394,0.015
7210.0,40.5,0.1296787154001826,0.18904109589041096,2026-06-18,1.0554282677553972,SPX,2026-04-09,6831.35009765625,19.75,0.03584999799728394,0.015
7220.0,38.400000000000006,0.12924906425747132,0.18904109589041096,2026-06-18,1.056892107239108,SPX,2026-04-09,6831.35009765625,19.75,0.03584999799728394,0.015
7225.0,36.8,0.12829683794203525,0.18904109589041096,2026-06-18,1.0576240269809634,SPX,2026-04-09,6831.35009765625,19.75,0.03584999799728394,0.015
7230.0,35.7,0.1279445667576548,0.18904109589041096,2026-06-18,1.0583559467228187,SPX,2026-04-09,6831.35009765625,19.75,0.03584999799728394,0.015
7240.0,33.7,0.12741744436923133,0.18904109589041096,2026-06-18,1.0598197862065293,SPX,2026-04-09,6831.35009765625,19.75,0.03584999799728394,0.015
7250.0,31.7,0.12678119759420445,0.18904109589041096,2026-06-18,1.06128362569024,SPX,2026-04-09,6831.35009765625,19.75,0.03584999799728394,0.015
7260.0,30.1,0.12659085921729482,0.18904109589041096,2026-06-18,1.0627474651739506,SPX,2026-04-09,6831.35009765625,19.75,0.03584999799728394,0.015
7270.0,28.15,0.1258017934958889,0.18904109589041096,2026-06-18,1.0642113046576613,SPX,2026-04-09,6831.35009765625,19.75,0.03584999799728394,0.015
7275.0,27.4,0.12569065631510468,0.18904109589041096,2026-06-18,1.0649432243995167,SPX,2026-04-09,6831.35009765625,19.75,0.03584999799728394,0.015
7280.0,27.2,0.12637440976240435,0.18904109589041096,2026-06-18,1.065675144141372,SPX,2026-04-09,6831.35009765625,19.75,0.03584999799728394,0.015
7290.0,25.55,0.12582881691346853,0.18904109589041096,2026-06-18,1.0671389836250826,SPX,2026-04-09,6831.35009765625,19.75,0.03584999799728394,0.015
7300.0,24.2,0.12564103996831508,0.18904109589041096,2026-06-18,1.0686028231087934,SPX,2026-04-09,6831.35009765625,19.75,0.03584999799728394,0.015
7310.0,22.25,0.1243798633704053,0.18904109589041096,2026-06-18,1.070066662592504,SPX,2026-04-09,6831.35009765625,19.75,0.03584999799728394,0.015
7320.0,20.9,0.12396686277716795,0.18904109589041096,2026-06-18,1.0715305020762147,SPX,2026-04-09,6831.35009765625,19.75,0.03584999799728394,0.015
7325.0,20.35,0.12393585527359105,0.18904109589041096,2026-06-18,1.07226242181807,SPX,2026-04-09,6831.35009765625,19.75,0.03584999799728394,0.015
7330.0,19.75,0.12379561004900964,0.18904109589041096,2026-06-18,1.0729943415599255,SPX,2026-04-09,6831.35009765625,19.75,0.03584999799728394,0.015
7340.0,18.6,0.12353114349698739,0.18904109589041096,2026-06-18,1.074458181043636,SPX,2026-04-09,6831.35009765625,19.75,0.03584999799728394,0.015
7350.0,17.6,0.1234485298721556,0.18904109589041096,2026-06-18,1.0759220205273468,SPX,2026-04-09,6831.35009765625,19.75,0.03584999799728394,0.015
7360.0,16.549999999999997,0.12318086309821577,0.18904109589041096,2026-06-18,1.0773858600110575,SPX,2026-04-09,6831.35009765625,19.75,0.03584999799728394,0.015
7370.0,15.55,0.12291252556112196,0.18904109589041096,2026-06-18,1.078849699494768,SPX,2026-04-09,6831.35009765625,19.75,0.03584999799728394,0.015
7375.0,15.15,0.12294675883213996,0.18904109589041096,2026-06-18,1.0795816192366234,SPX,2026-04-09,6831.35009765625,19.75,0.03584999799728394,0.015
7380.0,14.7,0.12285723095941843,0.18904109589041096,2026-06-18,1.0803135389784788,SPX,2026-04-09,6831.35009765625,19.75,0.03584999799728394,0.015
7390.0,13.899999999999999,0.12282418298281039,0.18904109589041096,2026-06-18,1.0817773784621894,SPX,2026-04-09,6831.35009765625,19.75,0.03584999799728394,0.015
7400.0,13.05,0.12259450009724679,0.18904109589041096,2026-06-18,1.0832412179459001,SPX,2026-04-09,6831.35009765625,19.75,0.03584999799728394,0.015
7425.0,11.55,0.12311107331804762,0.18904109589041096,2026-06-18,1.0869008166551768,SPX,2026-04-09,6831.35009765625,19.75,0.03584999799728394,0.015
7450.0,9.9,0.12279027521997112,0.18904109589041096,2026-06-18,1.0905604153644535,SPX,2026-04-09,6831.35009765625,19.75,0.03584999799728394,0.015
7475.0,8.45,0.12245989176788881,0.18904109589041096,2026-06-18,1.0942200140737302,SPX,2026-04-09,6831.35009765625,19.75,0.03584999799728394,0.015
7500.0,7.35,0.12268057559383412,0.18904109589041096,2026-06-18,1.0978796127830068,SPX,2026-04-09,6831.35009765625,19.75,0.03584999799728394,0.015
7525.0,6.4,0.12296808152712407,0.18904109589041096,2026-06-18,1.1015392114922835,SPX,2026-04-09,6831.35009765625,19.75,0.03584999799728394,0.015
7550.0,5.65,0.12359910368735755,0.18904109589041096,2026-06-18,1.1051988102015602,SPX,2026-04-09,6831.35009765625,19.75,0.03584999799728394,0.015
7575.0,4.9,0.12385174755455372,0.18904109589041096,2026-06-18,1.1088584089108369,SPX,2026-04-09,6831.35009765625,19.75,0.03584999799728394,0.015
7600.0,4.449999999999999,0.12510828907305802,0.18904109589041096,2026-06-18,1.1125180076201135,SPX,2026-04-09,6831.35009765625,19.75,0.03584999799728394,0.015
7625.0,3.8,0.12507105615853623,0.18904109589041096,2026-06-18,1.1161776063293902,SPX,2026-04-09,6831.35009765625,19.75,0.03584999799728394,0.015
7650.0,3.5,0.12658549194256627,0.18904109589041096,2026-06-18,1.1198372050386671,SPX,2026-04-09,6831.35009765625,19.75,0.03584999799728394,0.015
7675.0,3.05,0.12697891140030862,0.18904109589041096,2026-06-18,1.1234968037479438,SPX,2026-04-09,6831.35009765625,19.75,0.03584999799728394,0.015
7700.0,2.7750000000000004,0.12820945555248803,0.18904109589041096,2026-06-18,1.1271564024572205,SPX,2026-04-09,6831.35009765625,19.75,0.03584999799728394,0.015
7725.0,2.425,0.1286613342903388,0.18904109589041096,2026-06-18,1.1308160011664972,SPX,2026-04-09,6831.35009765625,19.75,0.03584999799728394,0.015
7750.0,2.175,0.12959654218263839,0.18904109589041096,2026-06-18,1.1344755998757738,SPX,2026-04-09,6831.35009765625,19.75,0.03584999799728394,0.015
7775.0,2.0,0.13096589859449959,0.18904109589041096,2026-06-18,1.1381351985850505,SPX,2026-04-09,6831.35009765625,19.75,0.03584999799728394,0.015
7800.0,1.7999999999999998,0.13192811355612946,0.18904109589041096,2026-06-18,1.1417947972943272,SPX,2026-04-09,6831.35009765625,19.75,0.03584999799728394,0.015
7825.0,1.7000000000000002,0.13371995599633385,0.18904109589041096,2026-06-18,1.1454543960036039,SPX,2026-04-09,6831.35009765625,19.75,0.03584999799728394,0.015
7850.0,1.575,0.13514441266884364,0.18904109589041096,2026-06-18,1.1491139947128806,SPX,2026-04-09,6831.35009765625,19.75,0.03584999799728394,0.015
6835.0,229.25,0.1684584523257232,0.2219178082191781,2026-06-30,1.000534287116247,SPX,2026-04-09,6831.35009765625,19.75,0.03584999799728394,0.015
6840.0,226.95,0.16861114858415224,0.2219178082191781,2026-06-30,1.0012662068581022,SPX,2026-04-09,6831.35009765625,19.75,0.03584999799728394,0.015
6845.0,223.75,0.16804408528341314,0.2219178082191781,2026-06-30,1.0019981265999576,SPX,2026-04-09,6831.35009765625,19.75,0.03584999799728394,0.015
6850.0,220.5,0.1674242951874967,0.2219178082191781,2026-06-30,1.002730046341813,SPX,2026-04-09,6831.35009765625,19.75,0.03584999799728394,0.015
6855.0,217.25,0.16679086688618222,0.2219178082191781,2026-06-30,1.0034619660836683,SPX,2026-04-09,6831.35009765625,19.75,0.03584999799728394,0.015
6860.0,213.05,0.1654005049165504,0.2219178082191781,2026-06-30,1.0041938858255237,SPX,2026-04-09,6831.35009765625,19.75,0.03584999799728394,0.015
6865.0,210.65,0.16540446557039376,0.2219178082191781,2026-06-30,1.0049258055673789,SPX,2026-04-09,6831.35009765625,19.75,0.03584999799728394,0.015
6870.0,206.75,0.1642213895281063,0.2219178082191781,2026-06-30,1.0056577253092343,SPX,2026-04-09,6831.35009765625,19.75,0.03584999799728394,0.015
6875.0,204.5,0.16431398049196222,0.2219178082191781,2026-06-30,1.0063896450510896,SPX,2026-04-09,6831.35009765625,19.75,0.03584999799728394,0.015
6880.0,200.45,0.16298525483716872,0.2219178082191781,2026-06-30,1.007121564792945,SPX,2026-04-09,6831.35009765625,19.75,0.03584999799728394,0.015
6885.0,198.2,0.16304877492068173,0.2219178082191781,2026-06-30,1.0078534845348004,SPX,2026-04-09,6831.35009765625,19.75,0.03584999799728394,0.015
6890.0,194.2,0.16172992994846744,0.2219178082191781,2026-06-30,1.0085854042766556,SPX,2026-04-09,6831.35009765625,19.75,0.03584999799728394,0.015
6895.0,192.0,0.16180313717964367,0.2219178082191781,2026-06-30,1.009317324018511,SPX,2026-04-09,6831.35009765625,19.75,0.03584999799728394,0.015
6900.0,188.95,0.16119758045040022,0.2219178082191781,2026-06-30,1.0100492437603663,SPX,2026-04-09,6831.35009765625,19.75,0.03584999799728394,0.015
6905.0,185.95,0.16061556871298233,0.2219178082191781,2026-06-30,1.0107811635022217,SPX,2026-04-09,6831.35009765625,19.75,0.03584999799728394,0.015
6910.0,182.89999999999998,0.15997929957545767,0.2219178082191781,2026-06-30,1.011513083244077,SPX,2026-04-09,6831.35009765625,19.75,0.03584999799728394,0.015
6915.0,179.0,0.15866204437541426,0.2219178082191781,2026-06-30,1.0122450029859325,SPX,2026-04-09,6831.35009765625,19.75,0.03584999799728394,0.015
6920.0,176.10000000000002,0.15811186734818813,0.2219178082191781,2026-06-30,1.0129769227277876,SPX,2026-04-09,6831.35009765625,19.75,0.03584999799728394,0.015
6925.0,173.2,0.15754599064568947,0.2219178082191781,2026-06-30,1.013708842469643,SPX,2026-04-09,6831.35009765625,19.75,0.03584999799728394,0.015
6930.0,170.8,0.1573567574404091,0.2219178082191781,2026-06-30,1.0144407622114984,SPX,2026-04-09,6831.35009765625,19.75,0.03584999799728394,0.015
6935.0,167.9,0.15675949536174408,0.2219178082191781,2026-06-30,1.0151726819533538,SPX,2026-04-09,6831.35009765625,19.75,0.03584999799728394,0.015
6940.0,164.8,0.1559881916953273,0.2219178082191781,2026-06-30,1.0159046016952091,SPX,2026-04-09,6831.35009765625,19.75,0.03584999799728394,0.015
6945.0,161.65,0.15516112209214458,0.2219178082191781,2026-06-30,1.0166365214370643,SPX,2026-04-09,6831.35009765625,19.75,0.03584999799728394,0.015
6950.0,159.35,0.15498717987999985,0.2219178082191781,2026-06-30,1.0173684411789197,SPX,2026-04-09,6831.35009765625,19.75,0.03584999799728394,0.015
6955.0,156.25,0.15416600075496606,0.2219178082191781,2026-06-30,1.018100360920775,SPX,2026-04-09,6831.35009765625,19.75,0.03584999799728394,0.015
6960.0,153.25,0.15340578199575702,0.2219178082191781,2026-06-30,1.0188322806626304,SPX,2026-04-09,6831.35009765625,19.75,0.03584999799728394,0.015
6965.0,150.5,0.15282627675750296,0.2219178082191781,2026-06-30,1.0195642004044858,SPX,2026-04-09,6831.35009765625,19.75,0.03584999799728394,0.015
6970.0,147.7,0.15218978934593763,0.2219178082191781,2026-06-30,1.020296120146341,SPX,2026-04-09,6831.35009765625,19.75,0.03584999799728394,0.015
6975.0,145.85,0.15229162095297424,0.2219178082191781,2026-06-30,1.0210280398881963,SPX,2026-04-09,6831.35009765625,19.75,0.03584999799728394,0.015
6980.0,142.3,0.15102299338243247,0.2219178082191781,2026-06-30,1.0217599596300517,SPX,2026-04-09,6831.35009765625,19.75,0.03584999799728394,0.015
6985.0,140.55,0.1511722697960549,0.2219178082191781,2026-06-30,1.022491879371907,SPX,2026-04-09,6831.35009765625,19.75,0.03584999799728394,0.015
6990.0,137.85,0.15054585597461478,0.2219178082191781,2026-06-30,1.0232237991137625,SPX,2026-04-09,6831.35009765625,19.75,0.03584999799728394,0.015
6995.0,135.0,0.14978057758842844,0.2219178082191781,2026-06-30,1.0239557188556176,SPX,2026-04-09,6831.35009765625,19.75,0.03584999799728394,0.015
7000.0,132.75,0.1494792326385076,0.2219178082191781,2026-06-30,1.024687638597473,SPX,2026-04-09,6831.35009765625,19.75,0.03584999799728394,0.015
7005.0,130.2,0.14891907591127942,0.2219178082191781,2026-06-30,1.0254195583393284,SPX,2026-04-09,6831.35009765625,19.75,0.03584999799728394,0.015
7010.0,126.94999999999999,0.14777255565891156,0.2219178082191781,2026-06-30,1.0261514780811838,SPX,2026-04-09,6831.35009765625,19.75,0.03584999799728394,0.015
7015.0,124.7,0.14741655301080045,0.2219178082191781,2026-06-30,1.0268833978230392,SPX,2026-04-09,6831.35009765625,19.75,0.03584999799728394,0.015
7020.0,122.55000000000001,0.14712443385708626,0.2219178082191781,2026-06-30,1.0276153175648945,SPX,2026-04-09,6831.35009765625,19.75,0.03584999799728394,0.015
7025.0,120.25,0.14669218135482232,0.2219178082191781,2026-06-30,1.0283472373067497,SPX,2026-04-09,6831.35009765625,19.75,0.03584999799728394,0.015
7030.0,117.8,0.14611828661673362,0.2219178082191781,2026-06-30,1.029079157048605,SPX,2026-04-09,6831.35009765625,19.75,0.03584999799728394,0.015
7035.0,115.25,0.1454422727054205,0.2219178082191781,2026-06-30,1.0298110767904605,SPX,2026-04-09,6831.35009765625,19.75,0.03584999799728394,0.015
7040.0,112.85,0.14486969535988126,0.2219178082191781,2026-06-30,1.0305429965323158,SPX,2026-04-09,6831.35009765625,19.75,0.03584999799728394,0.015
7045.0,110.6,0.14440166132865614,0.2219178082191781,2026-06-30,1.0312749162741712,SPX,2026-04-09,6831.35009765625,19.75,0.03584999799728394,0.015
7050.0,108.3,0.14387244871158147,0.2219178082191781,2026-06-30,1.0320068360160264,SPX,2026-04-09,6831.35009765625,19.75,0.03584999799728394,0.015
7055.0,105.94999999999999,0.14328114418338994,0.2219178082191781,2026-06-30,1.0327387557578818,SPX,2026-04-09,6831.35009765625,19.75,0.03584999799728394,0.015
7060.0,103.9,0.14292156879756157,0.2219178082191781,2026-06-30,1.0334706754997371,SPX,2026-04-09,6831.35009765625,19.75,0.03584999799728394,0.015
7065.0,101.2,0.14199287995116772,0.2219178082191781,2026-06-30,1.0342025952415925,SPX,2026-04-09,6831.35009765625,19.75,0.03584999799728394,0.015
7070.0,99.2,0.14163489623854897,0.2219178082191781,2026-06-30,1.034934514983448,SPX,2026-04-09,6831.35009765625,19.75,0.03584999799728394,0.015
7075.0,97.2,0.14125758725552093,0.2219178082191781,2026-06-30,1.035666434725303,SPX,2026-04-09,6831.35009765625,19.75,0.03584999799728394,0.015
7080.0,94.9,0.14060274477428075,0.2219178082191781,2026-06-30,1.0363983544671584,SPX,2026-04-09,6831.35009765625,19.75,0.03584999799728394,0.015
7085.0,92.7,0.14001144283227465,0.2219178082191781,2026-06-30,1.0371302742090138,SPX,2026-04-09,6831.35009765625,19.75,0.03584999799728394,0.015
7090.0,91.0,0.13983288551631942,0.2219178082191781,2026-06-30,1.0378621939508692,SPX,2026-04-09,6831.35009765625,19.75,0.03584999799728394,0.015
7095.0,89.0,0.13937371465453402,0.2219178082191781,2026-06-30,1.0385941136927246,SPX,2026-04-09,6831.35009765625,19.75,0.03584999799728394,0.015
7100.0,87.05,0.13893740646508318,0.2219178082191781,2026-06-30,1.0393260334345797,SPX,2026-04-09,6831.35009765625,19.75,0.03584999799728394,0.015
7110.0,82.8,0.1376890744065158,0.2219178082191781,2026-06-30,1.0407898729182905,SPX,2026-04-09,6831.35009765625,19.75,0.03584999799728394,0.015
7115.0,81.35,0.1376342411509433,0.2219178082191781,2026-06-30,1.0415217926601459,SPX,2026-04-09,6831.35009765625,19.75,0.03584999799728394,0.015
7120.0,79.0,0.13675023406223455,0.2219178082191781,2026-06-30,1.0422537124020013,SPX,2026-04-09,6831.35009765625,19.75,0.03584999799728394,0.015
7125.0,77.45,0.13656550920622954,0.2219178082191781,2026-06-30,1.0429856321438566,SPX,2026-04-09,6831.35009765625,19.75,0.03584999799728394,0.015
7130.0,75.65,0.1361332391382616,0.2219178082191781,2026-06-30,1.0437175518857118,SPX,2026-04-09,6831.35009765625,19.75,0.03584999799728394,0.015
7140.0,72.35,0.13548015102116281,0.2219178082191781,2026-06-30,1.0451813913694226,SPX,2026-04-09,6831.35009765625,19.75,0.03584999799728394,0.015
7150.0,69.0,0.13469555493061255,0.2219178082191781,2026-06-30,1.0466452308531333,SPX,2026-04-09,6831.35009765625,19.75,0.03584999799728394,0.015
7155.0,67.3,0.13424591550139003,0.2219178082191781,2026-06-30,1.0473771505949885,SPX,2026-04-09,6831.35009765625,19.75,0.03584999799728394,0.015
7160.0,65.55,0.1337248193254548,0.2219178082191781,2026-06-30,1.0481090703368439,SPX,2026-04-09,6831.35009765625,19.75,0.03584999799728394,0.015
7170.0,62.599999999999994,0.13314412114177157,0.2219178082191781,2026-06-30,1.0495729098205546,SPX,2026-04-09,6831.35009765625,19.75,0.03584999799728394,0.015
7175.0,60.85,0.13255106250686724,0.2219178082191781,2026-06-30,1.05030482956241,SPX,2026-04-09,6831.35009765625,19.75,0.03584999799728394,0.015
7180.0,59.15,0.1319806313453665,0.2219178082191781,2026-06-30,1.0510367493042652,SPX,2026-04-09,6831.35009765625,19.75,0.03584999799728394,0.015
7185.0,57.900000000000006,0.13183519163576402,0.2219178082191781,2026-06-30,1.0517686690461205,SPX,2026-04-09,6831.35009765625,19.75,0.03584999799728394,0.015
7190.0,56.599999999999994,0.13162003415819032,0.2219178082191781,2026-06-30,1.052500588787976,SPX,2026-04-09,6831.35009765625,19.75,0.03584999799728394,0.015
7200.0,53.75,0.1308700904410356,0.2219178082191781,2026-06-30,1.0539644282716867,SPX,2026-04-09,6831.35009765625,19.75,0.03584999799728394,0.015
7210.0,51.0,0.13012906235097407,0.2219178082191781,2026-06-30,1.0554282677553972,SPX,2026-04-09,6831.35009765625,19.75,0.03584999799728394,0.015
7220.0,48.45,0.1295062813230089,0.2219178082191781,2026-06-30,1.056892107239108,SPX,2026-04-09,6831.35009765625,19.75,0.03584999799728394,0.015
7225.0,47.25,0.12924179099035277,0.2219178082191781,2026-06-30,1.0576240269809634,SPX,2026-04-09,6831.35009765625,19.75,0.03584999799728394,0.015
7230.0,45.95,0.12884499527052107,0.2219178082191781,2026-06-30,1.0583559467228187,SPX,2026-04-09,6831.35009765625,19.75,0.03584999799728394,0.015
7240.0,43.55,0.12819995856494307,0.2219178082191781,2026-06-30,1.0598197862065293,SPX,2026-04-09,6831.35009765625,19.75,0.03584999799728394,0.015
7250.0,41.3,0.12763078676383888,0.2219178082191781,2026-06-30,1.06128362569024,SPX,2026-04-09,6831.35009765625,19.75,0.03584999799728394,0.015
7260.0,39.15,0.12708520326851827,0.2219178082191781,2026-06-30,1.0627474651739506,SPX,2026-04-09,6831.35009765625,19.75,0.03584999799728394,0.015
7270.0,37.15,0.12662690491053405,0.2219178082191781,2026-06-30,1.0642113046576613,SPX,2026-04-09,6831.35009765625,19.75,0.03584999799728394,0.015
7275.0,36.15,0.12636364445964882,0.2219178082191781,2026-06-30,1.0649432243995167,SPX,2026-04-09,6831.35009765625,19.75,0.03584999799728394,0.015
7280.0,35.25,0.12620174352243588,0.2219178082191781,2026-06-30,1.065675144141372,SPX,2026-04-09,6831.35009765625,19.75,0.03584999799728394,0.015
7290.0,33.35,0.1256865953197008,0.2219178082191781,2026-06-30,1.0671389836250826,SPX,2026-04-09,6831.35009765625,19.75,0.03584999799728394,0.015
7300.0,31.55,0.12520673949441552,0.2219178082191781,2026-06-30,1.0686028231087934,SPX,2026-04-09,6831.35009765625,19.75,0.03584999799728394,0.015
7310.0,29.85,0.12476681949075186,0.2219178082191781,2026-06-30,1.070066662592504,SPX,2026-04-09,6831.35009765625,19.75,0.03584999799728394,0.015
7320.0,28.25,0.12437222985263098,0.2219178082191781,2026-06-30,1.0715305020762147,SPX,2026-04-09,6831.35009765625,19.75,0.03584999799728394,0.015
7325.0,27.45,0.12414108348516874,0.2219178082191781,2026-06-30,1.07226242181807,SPX,2026-04-09,6831.35009765625,19.75,0.03584999799728394,0.015
7340.0,25.25,0.12359649055332705,0.2219178082191781,2026-06-30,1.074458181043636,SPX,2026-04-09,6831.35009765625,19.75,0.03584999799728394,0.015
7350.0,23.85,0.12322058380627088,0.2219178082191781,2026-06-30,1.0759220205273468,SPX,2026-04-09,6831.35009765625,19.75,0.03584999799728394,0.015
7360.0,22.45,0.1227521099088217,0.2219178082191781,2026-06-30,1.0773858600110575,SPX,2026-04-09,6831.35009765625,19.75,0.03584999799728394,0.015
7370.0,21.35,0.1226697265970299,0.2219178082191781,2026-06-30,1.078849699494768,SPX,2026-04-09,6831.35009765625,19.75,0.03584999799728394,0.015
7375.0,20.8,0.12260062333256504,0.2219178082191781,2026-06-30,1.0795816192366234,SPX,2026-04-09,6831.35009765625,19.75,0.03584999799728394,0.015
7380.0,20.25,0.12251244104820379,0.2219178082191781,2026-06-30,1.0803135389784788,SPX,2026-04-09,6831.35009765625,19.75,0.03584999799728394,0.015
7400.0,18.0,0.12186540448419235,0.2219178082191781,2026-06-30,1.0832412179459001,SPX,2026-04-09,6831.35009765625,19.75,0.03584999799728394,0.015
7420.0,16.05,0.1214114474769567,0.2219178082191781,2026-06-30,1.0861688969133214,SPX,2026-04-09,6831.35009765625,19.75,0.03584999799728394,0.015
7425.0,15.65,0.12141435825697365,0.2219178082191781,2026-06-30,1.0869008166551768,SPX,2026-04-09,6831.35009765625,19.75,0.03584999799728394,0.015
7450.0,13.600000000000001,0.12105677455248466,0.2219178082191781,2026-06-30,1.0905604153644535,SPX,2026-04-09,6831.35009765625,19.75,0.03584999799728394,0.015
7475.0,12.0,0.12121179098027803,0.2219178082191781,2026-06-30,1.0942200140737302,SPX,2026-04-09,6831.35009765625,19.75,0.03584999799728394,0.015
7500.0,10.399999999999999,0.12094083165225086,0.2219178082191781,2026-06-30,1.0978796127830068,SPX,2026-04-09,6831.35009765625,19.75,0.03584999799728394,0.015
7510.0,9.8,0.12079945904840068,0.2219178082191781,2026-06-30,1.0993434522667176,SPX,2026-04-09,6831.35009765625,19.75,0.03584999799728394,0.015
7525.0,9.05,0.12085130248032674,0.2219178082191781,2026-06-30,1.1015392114922835,SPX,2026-04-09,6831.35009765625,19.75,0.03584999799728394,0.015
7550.0,7.949999999999999,0.12104904621659557,0.2219178082191781,2026-06-30,1.1051988102015602,SPX,2026-04-09,6831.35009765625,19.75,0.03584999799728394,0.015
7575.0,6.949999999999999,0.1211708590667184,0.2219178082191781,2026-06-30,1.1088584089108369,SPX,2026-04-09,6831.35009765625,19.75,0.03584999799728394,0.015
7600.0,6.15,0.12160183374266717,0.2219178082191781,2026-06-30,1.1125180076201135,SPX,2026-04-09,6831.35009765625,19.75,0.03584999799728394,0.015
7625.0,5.35,0.1216816106807655,0.2219178082191781,2026-06-30,1.1161776063293902,SPX,2026-04-09,6831.35009765625,19.75,0.03584999799728394,0.015
7650.0,4.75,0.1222228034506865,0.2219178082191781,2026-06-30,1.1198372050386671,SPX,2026-04-09,6831.35009765625,19.75,0.03584999799728394,0.015
7675.0,4.199999999999999,0.12268784381605696,0.2219178082191781,2026-06-30,1.1234968037479438,SPX,2026-04-09,6831.35009765625,19.75,0.03584999799728394,0.015
7700.0,3.75,0.12335406603121016,0.2219178082191781,2026-06-30,1.1271564024572205,SPX,2026-04-09,6831.35009765625,19.75,0.03584999799728394,0.015
7750.0,3.0,0.12474762771407515,0.2219178082191781,2026-06-30,1.1344755998757738,SPX,2026-04-09,6831.35009765625,19.75,0.03584999799728394,0.015
7800.0,2.45,0.12649556972114578,0.2219178082191781,2026-06-30,1.1417947972943272,SPX,2026-04-09,6831.35009765625,19.75,0.03584999799728394,0.015
6840.0,259.35,0.17417470441769106,0.2684931506849315,2026-07-17,1.0012662068581022,SPX,2026-04-09,6831.35009765625,19.75,0.03584999799728394,0.015
6850.0,252.85,0.1730563644071929,0.2684931506849315,2026-07-17,1.002730046341813,SPX,2026-04-09,6831.35009765625,19.75,0.03584999799728394,0.015
6860.0,245.25,0.17111130408293176,0.2684931506849315,2026-07-17,1.0041938858255237,SPX,2026-04-09,6831.35009765625,19.75,0.03584999799728394,0.015
6870.0,239.75,0.1706182798723974,0.2684931506849315,2026-07-17,1.0056577253092343,SPX,2026-04-09,6831.35009765625,19.75,0.03584999799728394,0.015
6875.0,235.14999999999998,0.16903875014385836,0.2684931506849315,2026-07-17,1.0063896450510896,SPX,2026-04-09,6831.35009765625,19.75,0.03584999799728394,0.015
6880.0,233.35,0.16943996228828148,0.2684931506849315,2026-07-17,1.007121564792945,SPX,2026-04-09,6831.35009765625,19.75,0.03584999799728394,0.015
6890.0,225.7,0.1673273183432634,0.2684931506849315,2026-07-17,1.0085854042766556,SPX,2026-04-09,6831.35009765625,19.75,0.03584999799728394,0.015
6900.0,219.4,0.1661281332726066,0.2684931506849315,2026-07-17,1.0100492437603663,SPX,2026-04-09,6831.35009765625,19.75,0.03584999799728394,0.015
6910.0,213.3,0.16502408913077998,0.2684931506849315,2026-07-17,1.011513083244077,SPX,2026-04-09,6831.35009765625,19.75,0.03584999799728394,0.015
6920.0,207.64999999999998,0.1641918033476731,0.2684931506849315,2026-07-17,1.0129769227277876,SPX,2026-04-09,6831.35009765625,19.75,0.03584999799728394,0.015
6925.0,204.65,0.1636329083862356,0.2684931506849315,2026-07-17,1.013708842469643,SPX,2026-04-09,6831.35009765625,19.75,0.03584999799728394,0.015
6930.0,201.05,0.16263423043039782,0.2684931506849315,2026-07-17,1.0144407622114984,SPX,2026-04-09,6831.35009765625,19.75,0.03584999799728394,0.015
6940.0,195.55,0.16181007732923028,0.2684931506849315,2026-07-17,1.0159046016952091,SPX,2026-04-09,6831.35009765625,19.75,0.03584999799728394,0.015
6950.0,189.5,0.1605428222845528,0.2684931506849315,2026-07-17,1.0173684411789197,SPX,2026-04-09,6831.35009765625,19.75,0.03584999799728394,0.015
6960.0,183.9,0.15954508974949905,0.2684931506849315,2026-07-17,1.0188322806626304,SPX,2026-04-09,6831.35009765625,19.75,0.03584999799728394,0.015
6970.0,179.15,0.15910476336029636,0.2684931506849315,2026-07-17,1.020296120146341,SPX,2026-04-09,6831.35009765625,19.75,0.03584999799728394,0.015
6975.0,175.5,0.15794950703282398,0.2684931506849315,2026-07-17,1.0210280398881963,SPX,2026-04-09,6831.35009765625,19.75,0.03584999799728394,0.015
6980.0,172.3,0.15710308962248054,0.2684931506849315,2026-07-17,1.0217599596300517,SPX,2026-04-09,6831.35009765625,19.75,0.03584999799728394,0.015
6990.0,167.65,0.15662900817035796,0.2684931506849315,2026-07-17,1.0232237991137625,SPX,2026-04-09,6831.35009765625,19.75,0.03584999799728394,0.015
7000.0,162.55,0.15577710213636975,0.2684931506849315,2026-07-17,1.024687638597473,SPX,2026-04-09,6831.35009765625,19.75,0.03584999799728394,0.015
7010.0,155.95,0.15377926379811085,0.2684931506849315,2026-07-17,1.0261514780811838,SPX,2026-04-09,6831.35009765625,19.75,0.03584999799728394,0.015
7020.0,151.95,0.15361477341461968,0.2684931506849315,2026-07-17,1.0276153175648945,SPX,2026-04-09,6831.35009765625,19.75,0.03584999799728394,0.015
7025.0,148.85,0.15270813653237142,0.2684931506849315,2026-07-17,1.0283472373067497,SPX,2026-04-09,6831.35009765625,19.75,0.03584999799728394,0.015
7030.0,146.15,0.15207838954335393,0.2684931506849315,2026-07-17,1.029079157048605,SPX,2026-04-09,6831.35009765625,19.75,0.03584999799728394,0.015
7040.0,140.55,0.15062475857128071,0.2684931506849315,2026-07-17,1.0305429965323158,SPX,2026-04-09,6831.35009765625,19.75,0.03584999799728394,0.015
7050.0,135.60000000000002,0.14958732092073665,0.2684931506849315,2026-07-17,1.0320068360160264,SPX,2026-04-09,6831.35009765625,19.75,0.03584999799728394,0.015
7060.0,130.95,0.14871179372949953,0.2684931506849315,2026-07-17,1.0334706754997371,SPX,2026-04-09,6831.35009765625,19.75,0.03584999799728394,0.015
7070.0,126.15,0.14766190065324358,0.2684931506849315,2026-07-17,1.034934514983448,SPX,2026-04-09,6831.35009765625,19.75,0.03584999799728394,0.015
7075.0,123.80000000000001,0.1471504596894028,0.2684931506849315,2026-07-17,1.035666434725303,SPX,2026-04-09,6831.35009765625,19.75,0.03584999799728394,0.015
7080.0,121.65,0.14677439936126685,0.2684931506849315,2026-07-17,1.0363983544671584,SPX,2026-04-09,6831.35009765625,19.75,0.03584999799728394,0.015
7090.0,116.7,0.14547914987187133,0.2684931506849315,2026-07-17,1.0378621939508692,SPX,2026-04-09,6831.35009765625,19.75,0.03584999799728394,0.015
7100.0,112.6,0.1447673520674041,0.2684931506849315,2026-07-17,1.0393260334345797,SPX,2026-04-09,6831.35009765625,19.75,0.03584999799728394,0.015
7110.0,108.15,0.1437202801457728,0.2684931506849315,2026-07-17,1.0407898729182905,SPX,2026-04-09,6831.35009765625,19.75,0.03584999799728394,0.015
7120.0,104.05,0.1428777740426759,0.2684931506849315,2026-07-17,1.0422537124020013,SPX,2026-04-09,6831.35009765625,19.75,0.03584999799728394,0.015
7125.0,102.05,0.14247078135977423,0.2684931506849315,2026-07-17,1.0429856321438566,SPX,2026-04-09,6831.35009765625,19.75,0.03584999799728394,0.015
7130.0,99.95,0.14196809910118047,0.2684931506849315,2026-07-17,1.0437175518857118,SPX,2026-04-09,6831.35009765625,19.75,0.03584999799728394,0.015
7140.0,95.95,0.14106811163599786,0.2684931506849315,2026-07-17,1.0451813913694226,SPX,2026-04-09,6831.35009765625,19.75,0.03584999799728394,0.015
7150.0,92.44999999999999,0.1405027822122756,0.2684931506849315,2026-07-17,1.0466452308531333,SPX,2026-04-09,6831.35009765625,19.75,0.03584999799728394,0.015
7160.0,88.05,0.13913412589221477,0.2684931506849315,2026-07-17,1.0481090703368439,SPX,2026-04-09,6831.35009765625,19.75,0.03584999799728394,0.015
7170.0,84.7,0.1385533607418522,0.2684931506849315,2026-07-17,1.0495729098205546,SPX,2026-04-09,6831.35009765625,19.75,0.03584999799728394,0.015
7175.0,82.69999999999999,0.13796601138184167,0.2684931506849315,2026-07-17,1.05030482956241,SPX,2026-04-09,6831.35009765625,19.75,0.03584999799728394,0.015
7180.0,80.95,0.13756878454852012,0.2684931506849315,2026-07-17,1.0510367493042652,SPX,2026-04-09,6831.35009765625,19.75,0.03584999799728394,0.015
7190.0,77.3,0.13659130735094957,0.2684931506849315,2026-07-17,1.052500588787976,SPX,2026-04-09,6831.35009765625,19.75,0.03584999799728394,0.015
7200.0,74.9,0.13661739490526356,0.2684931506849315,2026-07-17,1.0539644282716867,SPX,2026-04-09,6831.35009765625,19.75,0.03584999799728394,0.015
7210.0,71.05000000000001,0.13531677240313364,0.2684931506849315,2026-07-17,1.0554282677553972,SPX,2026-04-09,6831.35009765625,19.75,0.03584999799728394,0.015
7220.0,67.80000000000001,0.13445964469130792,0.2684931506849315,2026-07-17,1.056892107239108,SPX,2026-04-09,6831.35009765625,19.75,0.03584999799728394,0.015
7225.0,66.15,0.13397860852199983,0.2684931506849315,2026-07-17,1.0576240269809634,SPX,2026-04-09,6831.35009765625,19.75,0.03584999799728394,0.015
7230.0,64.80000000000001,0.13374976042984962,0.2684931506849315,2026-07-17,1.0583559467228187,SPX,2026-04-09,6831.35009765625,19.75,0.03584999799728394,0.015
7240.0,61.9,0.1330559641882681,0.2684931506849315,2026-07-17,1.0598197862065293,SPX,2026-04-09,6831.35009765625,19.75,0.03584999799728394,0.015
7250.0,59.05,0.13233232463287115,0.2684931506849315,2026-07-17,1.06128362569024,SPX,2026-04-09,6831.35009765625,19.75,0.03584999799728394,0.015
7260.0,56.6,0.131913236455813,0.2684931506849315,2026-07-17,1.0627474651739506,SPX,2026-04-09,6831.35009765625,19.75,0.03584999799728394,0.015
7270.0,53.85,0.13113213517804084,0.2684931506849315,2026-07-17,1.0642113046576613,SPX,2026-04-09,6831.35009765625,19.75,0.03584999799728394,0.015
7275.0,52.25,0.13048772013792992,0.2684931506849315,2026-07-17,1.0649432243995167,SPX,2026-04-09,6831.35009765625,19.75,0.03584999799728394,0.015
7280.0,51.45,0.13061659882655766,0.2684931506849315,2026-07-17,1.065675144141372,SPX,2026-04-09,6831.35009765625,19.75,0.03584999799728394,0.015
7290.0,49.0,0.12997600114716756,0.2684931506849315,2026-07-17,1.0671389836250826,SPX,2026-04-09,6831.35009765625,19.75,0.03584999799728394,0.015
7300.0,47.099999999999994,0.1298272389970577,0.2684931506849315,2026-07-17,1.0686028231087934,SPX,2026-04-09,6831.35009765625,19.75,0.03584999799728394,0.015
7310.0,44.45,0.12882246713550574,0.2684931506849315,2026-07-17,1.070066662592504,SPX,2026-04-09,6831.35009765625,19.75,0.03584999799728394,0.015
7320.0,42.3,0.12826216761628603,0.2684931506849315,2026-07-17,1.0715305020762147,SPX,2026-04-09,6831.35009765625,19.75,0.03584999799728394,0.015
7325.0,41.150000000000006,0.12786995046122596,0.2684931506849315,2026-07-17,1.07226242181807,SPX,2026-04-09,6831.35009765625,19.75,0.03584999799728394,0.015
7330.0,40.2,0.12767813292586333,0.2684931506849315,2026-07-17,1.0729943415599255,SPX,2026-04-09,6831.35009765625,19.75,0.03584999799728394,0.015
7340.0,38.35,0.12729732441064712,0.2684931506849315,2026-07-17,1.074458181043636,SPX,2026-04-09,6831.35009765625,19.75,0.03584999799728394,0.015
7350.0,37.099999999999994,0.12754225074102366,0.2684931506849315,2026-07-17,1.0759220205273468,SPX,2026-04-09,6831.35009765625,19.75,0.03584999799728394,0.015
7360.0,34.5,0.12613479872357966,0.2684931506849315,2026-07-17,1.0773858600110575,SPX,2026-04-09,6831.35009765625,19.75,0.03584999799728394,0.015
7375.0,32.15,0.12570776327542574,0.2684931506849315,2026-07-17,1.0795816192366234,SPX,2026-04-09,6831.35009765625,19.75,0.03584999799728394,0.015
7400.0,28.35,0.1247917201876076,0.2684931506849315,2026-07-17,1.0832412179459001,SPX,2026-04-09,6831.35009765625,19.75,0.03584999799728394,0.015
7425.0,24.9,0.1238845545907615,0.2684931506849315,2026-07-17,1.0869008166551768,SPX,2026-04-09,6831.35009765625,19.75,0.03584999799728394,0.015
7450.0,22.35,0.12385526585457494,0.2684931506849315,2026-07-17,1.0905604153644535,SPX,2026-04-09,6831.35009765625,19.75,0.03584999799728394,0.015
7475.0,19.2,0.1224745091293306,0.2684931506849315,2026-07-17,1.0942200140737302,SPX,2026-04-09,6831.35009765625,19.75,0.03584999799728394,0.015
7500.0,17.0,0.12219476562360991,0.2684931506849315,2026-07-17,1.0978796127830068,SPX,2026-04-09,6831.35009765625,19.75,0.03584999799728394,0.015
7525.0,14.85,0.1215999359429713,0.2684931506849315,2026-07-17,1.1015392114922835,SPX,2026-04-09,6831.35009765625,19.75,0.03584999799728394,0.015
7550.0,13.15,0.12147979114189059,0.2684931506849315,2026-07-17,1.1051988102015602,SPX,2026-04-09,6831.35009765625,19.75,0.03584999799728394,0.015
7575.0,11.55,0.12120101639425294,0.2684931506849315,2026-07-17,1.1088584089108369,SPX,2026-04-09,6831.35009765625,19.75,0.03584999799728394,0.015
7600.0,10.2,0.12112626364957499,0.2684931506849315,2026-07-17,1.1125180076201135,SPX,2026-04-09,6831.35009765625,19.75,0.03584999799728394,0.015
7625.0,8.95,0.12094404694194966,0.2684931506849315,2026-07-17,1.1161776063293902,SPX,2026-04-09,6831.35009765625,19.75,0.03584999799728394,0.015
7650.0,8.0,0.12124832479850083,0.2684931506849315,2026-07-17,1.1198372050386671,SPX,2026-04-09,6831.35009765625,19.75,0.03584999799728394,0.015
7675.0,7.05,0.12125053274712441,0.2684931506849315,2026-07-17,1.1234968037479438,SPX,2026-04-09,6831.35009765625,19.75,0.03584999799728394,0.015
7700.0,6.4,0.12193820574104992,0.2684931506849315,2026-07-17,1.1271564024572205,SPX,2026-04-09,6831.35009765625,19.75,0.03584999799728394,0.015
7725.0,5.55,0.12164900966521436,0.2684931506849315,2026-07-17,1.1308160011664972,SPX,2026-04-09,6831.35009765625,19.75,0.03584999799728394,0.015
7750.0,4.95,0.12198740318075314,0.2684931506849315,2026-07-17,1.1344755998757738,SPX,2026-04-09,6831.35009765625,19.75,0.03584999799728394,0.015
7775.0,4.45,0.12249588153498761,0.2684931506849315,2026-07-17,1.1381351985850505,SPX,2026-04-09,6831.35009765625,19.75,0.03584999799728394,0.015
7800.0,4.0,0.12300457622355682,0.2684931506849315,2026-07-17,1.1417947972943272,SPX,2026-04-09,6831.35009765625,19.75,0.03584999799728394,0.015
7825.0,3.5999999999999996,0.12353902076042249,0.2684931506849315,2026-07-17,1.1454543960036039,SPX,2026-04-09,6831.35009765625,19.75,0.03584999799728394,0.015
7850.0,3.3,0.12441589725898612,0.2684931506849315,2026-07-17,1.1491139947128806,SPX,2026-04-09,6831.35009765625,19.75,0.03584999799728394,0.015
6840.0,284.55,0.1780609004847613,0.30684931506849317,2026-07-31,1.0012662068581022,SPX,2026-04-09,6831.35009765625,19.75,0.03584999799728394,0.015
6850.0,277.85,0.17687620882215496,0.30684931506849317,2026-07-31,1.002730046341813,SPX,2026-04-09,6831.35009765625,19.75,0.03584999799728394,0.015
6860.0,271.35,0.17578906075181838,0.30684931506849317,2026-07-31,1.0041938858255237,SPX,2026-04-09,6831.35009765625,19.75,0.03584999799728394,0.015
6870.0,264.85,0.17466518707791526,0.30684931506849317,2026-07-31,1.0056577253092343,SPX,2026-04-09,6831.35009765625,19.75,0.03584999799728394,0.015
6875.0,260.65,0.17345596785459597,0.30684931506849317,2026-07-31,1.0063896450510896,SPX,2026-04-09,6831.35009765625,19.75,0.03584999799728394,0.015
6880.0,257.4,0.17287070514956784,0.30684931506849317,2026-07-31,1.007121564792945,SPX,2026-04-09,6831.35009765625,19.75,0.03584999799728394,0.015
6890.0,251.64999999999998,0.17216999606442876,0.30684931506849317,2026-07-31,1.0085854042766556,SPX,2026-04-09,6831.35009765625,19.75,0.03584999799728394,0.015
6900.0,245.64999999999998,0.17126387367908877,0.30684931506849317,2026-07-31,1.0100492437603663,SPX,2026-04-09,6831.35009765625,19.75,0.03584999799728394,0.015
6910.0,239.14999999999998,0.16998556647268748,0.30684931506849317,2026-07-31,1.011513083244077,SPX,2026-04-09,6831.35009765625,19.75,0.03584999799728394,0.015
6920.0,233.2,0.16903271457880817,0.30684931506849317,2026-07-31,1.0129769227277876,SPX,2026-04-09,6831.35009765625,19.75,0.03584999799728394,0.015
6925.0,229.2,0.16785852980642293,0.30684931506849317,2026-07-31,1.013708842469643,SPX,2026-04-09,6831.35009765625,19.75,0.03584999799728394,0.015
6930.0,227.14999999999998,0.16797228213838253,0.30684931506849317,2026-07-31,1.0144407622114984,SPX,2026-04-09,6831.35009765625,19.75,0.03584999799728394,0.015
6940.0,220.1,0.16620364001655524,0.30684931506849317,2026-07-31,1.0159046016952091,SPX,2026-04-09,6831.35009765625,19.75,0.03584999799728394,0.015
6950.0,215.1,0.1657587737056336,0.30684931506849317,2026-07-31,1.0173684411789197,SPX,2026-04-09,6831.35009765625,19.75,0.03584999799728394,0.015
6960.0,208.6,0.1642700162410795,0.30684931506849317,2026-07-31,1.0188322806626304,SPX,2026-04-09,6831.35009765625,19.75,0.03584999799728394,0.015
6970.0,203.35000000000002,0.16357235018484342,0.30684931506849317,2026-07-31,1.020296120146341,SPX,2026-04-09,6831.35009765625,19.75,0.03584999799728394,0.015
6975.0,200.25,0.16288907883396994,0.30684931506849317,2026-07-31,1.0210280398881963,SPX,2026-04-09,6831.35009765625,19.75,0.03584999799728394,0.015
6980.0,197.6,0.1624959417843383,0.30684931506849317,2026-07-31,1.0217599596300517,SPX,2026-04-09,6831.35009765625,19.75,0.03584999799728394,0.015
6990.0,191.9,0.16140746297225514,0.30684931506849317,2026-07-31,1.0232237991137625,SPX,2026-04-09,6831.35009765625,19.75,0.03584999799728394,0.015
7000.0,185.5,0.1598006901684457,0.30684931506849317,2026-07-31,1.024687638597473,SPX,2026-04-09,6831.35009765625,19.75,0.03584999799728394,0.015
7010.0,180.8,0.1592923615870201,0.30684931506849317,2026-07-31,1.0261514780811838,SPX,2026-04-09,6831.35009765625,19.75,0.03584999799728394,0.015
7020.0,175.14999999999998,0.1580951611115986,0.30684931506849317,2026-07-31,1.0276153175648945,SPX,2026-04-09,6831.35009765625,19.75,0.03584999799728394,0.015
7025.0,171.85000000000002,0.15715514352097187,0.30684931506849317,2026-07-31,1.0283472373067497,SPX,2026-04-09,6831.35009765625,19.75,0.03584999799728394,0.015
7030.0,169.8,0.1570520730214903,0.30684931506849317,2026-07-31,1.029079157048605,SPX,2026-04-09,6831.35009765625,19.75,0.03584999799728394,0.015
7040.0,164.8,0.15619829252891662,0.30684931506849317,2026-07-31,1.0305429965323158,SPX,2026-04-09,6831.35009765625,19.75,0.03584999799728394,0.015
7050.0,159.3,0.1549521496209535,0.30684931506849317,2026-07-31,1.0320068360160264,SPX,2026-04-09,6831.35009765625,19.75,0.03584999799728394,0.015
7075.0,146.85000000000002,0.15250225079144847,0.30684931506849317,2026-07-31,1.035666434725303,SPX,2026-04-09,6831.35009765625,19.75,0.03584999799728394,0.015
7100.0,135.15,0.15024475178641444,0.30684931506849317,2026-07-31,1.0393260334345797,SPX,2026-04-09,6831.35009765625,19.75,0.03584999799728394,0.015
7125.0,123.80000000000001,0.14789292988257002,0.30684931506849317,2026-07-31,1.0429856321438566,SPX,2026-04-09,6831.35009765625,19.75,0.03584999799728394,0.015
7150.0,113.1,0.14565321058781483,0.30684931506849317,2026-07-31,1.0466452308531333,SPX,2026-04-09,6831.35009765625,19.75,0.03584999799728394,0.015
7175.0,102.85,0.14337539194910923,0.30684931506849317,2026-07-31,1.05030482956241,SPX,2026-04-09,6831.35009765625,19.75,0.03584999799728394,0.015
7200.0,93.35,0.1412817282172213,0.30684931506849317,2026-07-31,1.0539644282716867,SPX,2026-04-09,6831.35009765625,19.75,0.03584999799728394,0.015
7225.0,84.75,0.1395034692370616,0.30684931506849317,2026-07-31,1.0576240269809634,SPX,2026-04-09,6831.35009765625,19.75,0.03584999799728394,0.015
7250.0,76.5,0.13761621751924297,0.30684931506849317,2026-07-31,1.06128362569024,SPX,2026-04-09,6831.35009765625,19.75,0.03584999799728394,0.015
7275.0,68.69999999999999,0.13569298672119817,0.30684931506849317,2026-07-31,1.0649432243995167,SPX,2026-04-09,6831.35009765625,19.75,0.03584999799728394,0.015
7300.0,61.85,0.13417772656548582,0.30684931506849317,2026-07-31,1.0686028231087934,SPX,2026-04-09,6831.35009765625,19.75,0.03584999799728394,0.015
7325.0,55.45,0.13266218669232197,0.30684931506849317,2026-07-31,1.07226242181807,SPX,2026-04-09,6831.35009765625,19.75,0.03584999799728394,0.015
7350.0,49.45,0.13110357314632823,0.30684931506849317,2026-07-31,1.0759220205273468,SPX,2026-04-09,6831.35009765625,19.75,0.03584999799728394,0.015
7375.0,44.25,0.12991826946294016,0.30684931506849317,2026-07-31,1.0795816192366234,SPX,2026-04-09,6831.35009765625,19.75,0.03584999799728394,0.015
7400.0,39.5,0.12879851407801324,0.30684931506849317,2026-07-31,1.0832412179459001,SPX,2026-04-09,6831.35009765625,19.75,0.03584999799728394,0.015
7425.0,35.0,0.12753925314395548,0.30684931506849317,2026-07-31,1.0869008166551768,SPX,2026-04-09,6831.35009765625,19.75,0.03584999799728394,0.015
7450.0,31.25,0.12674658068813027,0.30684931506849317,2026-07-31,1.0905604153644535,SPX,2026-04-09,6831.35009765625,19.75,0.03584999799728394,0.015
7475.0,27.65,0.12574550223884065,0.30684931506849317,2026-07-31,1.0942200140737302,SPX,2026-04-09,6831.35009765625,19.75,0.03584999799728394,0.015
7500.0,24.6,0.12507485642288604,0.30684931506849317,2026-07-31,1.0978796127830068,SPX,2026-04-09,6831.35009765625,19.75,0.03584999799728394,0.015
7525.0,21.9,0.12452919920870528,0.30684931506849317,2026-07-31,1.1015392114922835,SPX,2026-04-09,6831.35009765625,19.75,0.03584999799728394,0.015
7550.0,19.45,0.12399939398852126,0.30684931506849317,2026-07-31,1.1051988102015602,SPX,2026-04-09,6831.35009765625,19.75,0.03584999799728394,0.015
7600.0,15.25,0.12302001002619906,0.30684931506849317,2026-07-31,1.1125180076201135,SPX,2026-04-09,6831.35009765625,19.75,0.03584999799728394,0.015
7650.0,12.05,0.12254587636997569,0.30684931506849317,2026-07-31,1.1198372050386671,SPX,2026-04-09,6831.35009765625,19.75,0.03584999799728394,0.015
7700.0,9.600000000000001,0.12248037286613851,0.30684931506849317,2026-07-31,1.1271564024572205,SPX,2026-04-09,6831.35009765625,19.75,0.03584999799728394,0.015
7750.0,7.65,0.12256083862330018,0.30684931506849317,2026-07-31,1.1344755998757738,SPX,2026-04-09,6831.35009765625,19.75,0.03584999799728394,0.015
7800.0,6.1,0.12276666123205751,0.30684931506849317,2026-07-31,1.1417947972943272,SPX,2026-04-09,6831.35009765625,19.75,0.03584999799728394,0.015
6840.0,316.3,0.18057029888856843,0.3643835616438356,2026-08-21,1.0012662068581022,SPX,2026-04-09,6831.35009765625,19.75,0.03584999799728394,0.015
6850.0,310.20000000000005,0.1798475400396513,0.3643835616438356,2026-08-21,1.002730046341813,SPX,2026-04-09,6831.35009765625,19.75,0.03584999799728394,0.015
6860.0,303.1,0.17848054744621997,0.3643835616438356,2026-08-21,1.0041938858255237,SPX,2026-04-09,6831.35009765625,19.75,0.03584999799728394,0.015
6870.0,296.8,0.17757431107348734,0.3643835616438356,2026-08-21,1.0056577253092343,SPX,2026-04-09,6831.35009765625,19.75,0.03584999799728394,0.015
6875.0,293.0,0.17671134801417637,0.3643835616438356,2026-08-21,1.0063896450510896,SPX,2026-04-09,6831.35009765625,19.75,0.03584999799728394,0.015
6880.0,289.85,0.17623932020120878,0.3643835616438356,2026-08-21,1.007121564792945,SPX,2026-04-09,6831.35009765625,19.75,0.03584999799728394,0.015
6890.0,283.75,0.17539311966162016,0.3643835616438356,2026-08-21,1.0085854042766556,SPX,2026-04-09,6831.35009765625,19.75,0.03584999799728394,0.015
6900.0,278.45,0.17500477560005648,0.3643835616438356,2026-08-21,1.0100492437603663,SPX,2026-04-09,6831.35009765625,19.75,0.03584999799728394,0.015
6910.0,271.04999999999995,0.17329992789428608,0.3643835616438356,2026-08-21,1.011513083244077,SPX,2026-04-09,6831.35009765625,19.75,0.03584999799728394,0.015
6920.0,264.5,0.17208204087427467,0.3643835616438356,2026-08-21,1.0129769227277876,SPX,2026-04-09,6831.35009765625,19.75,0.03584999799728394,0.015
6925.0,261.70000000000005,0.1717513125931559,0.3643835616438356,2026-08-21,1.013708842469643,SPX,2026-04-09,6831.35009765625,19.75,0.03584999799728394,0.015
6930.0,258.6,0.17122827221489922,0.3643835616438356,2026-08-21,1.0144407622114984,SPX,2026-04-09,6831.35009765625,19.75,0.03584999799728394,0.015
6940.0,252.5,0.17021877102055,0.3643835616438356,2026-08-21,1.0159046016952091,SPX,2026-04-09,6831.35009765625,19.75,0.03584999799728394,0.015
6950.0,246.35000000000002,0.16914416102317745,0.3643835616438356,2026-08-21,1.0173684411789197,SPX,2026-04-09,6831.35009765625,19.75,0.03584999799728394,0.015
6960.0,240.55,0.1682488625866705,0.3643835616438356,2026-08-21,1.0188322806626304,SPX,2026-04-09,6831.35009765625,19.75,0.03584999799728394,0.015
6970.0,234.64999999999998,0.1672570573227561,0.3643835616438356,2026-08-21,1.020296120146341,SPX,2026-04-09,6831.35009765625,19.75,0.03584999799728394,0.015
6975.0,231.7,0.16674771120119125,0.3643835616438356,2026-08-21,1.0210280398881963,SPX,2026-04-09,6831.35009765625,19.75,0.03584999799728394,0.015
6980.0,228.6,0.16613725160348664,0.3643835616438356,2026-08-21,1.0217599596300517,SPX,2026-04-09,6831.35009765625,19.75,0.03584999799728394,0.015
6990.0,222.55,0.16498051839868647,0.3643835616438356,2026-08-21,1.0232237991137625,SPX,2026-04-09,6831.35009765625,19.75,0.03584999799728394,0.015
7000.0,218.15,0.16480174750510826,0.3643835616438356,2026-08-21,1.024687638597473,SPX,2026-04-09,6831.35009765625,19.75,0.03584999799728394,0.015
7010.0,211.15,0.1629847018032515,0.3643835616438356,2026-08-21,1.0261514780811838,SPX,2026-04-09,6831.35009765625,19.75,0.03584999799728394,0.015
7020.0,205.7,0.16208391214165724,0.3643835616438356,2026-08-21,1.0276153175648945,SPX,2026-04-09,6831.35009765625,19.75,0.03584999799728394,0.015
7025.0,202.8,0.16151074383076192,0.3643835616438356,2026-08-21,1.0283472373067497,SPX,2026-04-09,6831.35009765625,19.75,0.03584999799728394,0.015
7030.0,200.2,0.16111349902625025,0.3643835616438356,2026-08-21,1.029079157048605,SPX,2026-04-09,6831.35009765625,19.75,0.03584999799728394,0.015
7040.0,194.85000000000002,0.16019672515349645,0.3643835616438356,2026-08-21,1.0305429965323158,SPX,2026-04-09,6831.35009765625,19.75,0.03584999799728394,0.015
7050.0,189.35,0.1591463287390852,0.3643835616438356,2026-08-21,1.0320068360160264,SPX,2026-04-09,6831.35009765625,19.75,0.03584999799728394,0.015
7060.0,184.14999999999998,0.1582426967774137,0.3643835616438356,2026-08-21,1.0334706754997371,SPX,2026-04-09,6831.35009765625,19.75,0.03584999799728394,0.015
7070.0,179.0,0.15732880755365103,0.3643835616438356,2026-08-21,1.034934514983448,SPX,2026-04-09,6831.35009765625,19.75,0.03584999799728394,0.015
7075.0,177.35,0.1574384670939751,0.3643835616438356,2026-08-21,1.035666434725303,SPX,2026-04-09,6831.35009765625,19.75,0.03584999799728394,0.015
7080.0,173.75,0.15631017621780344,0.3643835616438356,2026-08-21,1.0363983544671584,SPX,2026-04-09,6831.35009765625,19.75,0.03584999799728394,0.015
7090.0,168.5,0.15524806210766642,0.3643835616438356,2026-08-21,1.0378621939508692,SPX,2026-04-09,6831.35009765625,19.75,0.03584999799728394,0.015
7100.0,163.7,0.15442773156662207,0.3643835616438356,2026-08-21,1.0393260334345797,SPX,2026-04-09,6831.35009765625,19.75,0.03584999799728394,0.015
7110.0,158.75,0.1534687608771947,0.3643835616438356,2026-08-21,1.0407898729182905,SPX,2026-04-09,6831.35009765625,19.75,0.03584999799728394,0.015
7120.0,154.2,0.15272157037367662,0.3643835616438356,2026-08-21,1.0422537124020013,SPX,2026-04-09,6831.35009765625,19.75,0.03584999799728394,0.015
7125.0,152.75,0.15286397700154114,0.3643835616438356,2026-08-21,1.0429856321438566,SPX,2026-04-09,6831.35009765625,19.75,0.03584999799728394,0.015
7130.0,148.95,0.15147799293537684,0.3643835616438356,2026-08-21,1.0437175518857118,SPX,2026-04-09,6831.35009765625,19.75,0.03584999799728394,0.015
7140.0,144.39999999999998,0.15064010251567772,0.3643835616438356,2026-08-21,1.0451813913694226,SPX,2026-04-09,6831.35009765625,19.75,0.03584999799728394,0.015
7150.0,141.2,0.150641000921152,0.3643835616438356,2026-08-21,1.0466452308531333,SPX,2026-04-09,6831.35009765625,19.75,0.03584999799728394,0.015
7160.0,135.45,0.1489240330095519,0.3643835616438356,2026-08-21,1.0481090703368439,SPX,2026-04-09,6831.35009765625,19.75,0.03584999799728394,0.015
7170.0,130.95,0.14797797418049521,0.3643835616438356,2026-08-21,1.0495729098205546,SPX,2026-04-09,6831.35009765625,19.75,0.03584999799728394,0.015
7175.0,129.25,0.14785361459740967,0.3643835616438356,2026-08-21,1.05030482956241,SPX,2026-04-09,6831.35009765625,19.75,0.03584999799728394,0.015
7180.0,126.85,0.1472502388481955,0.3643835616438356,2026-08-21,1.0510367493042652,SPX,2026-04-09,6831.35009765625,19.75,0.03584999799728394,0.015
7190.0,123.0,0.1466442919251003,0.3643835616438356,2026-08-21,1.052500588787976,SPX,2026-04-09,6831.35009765625,19.75,0.03584999799728394,0.015
7200.0,119.8,0.14643529645281758,0.3643835616438356,2026-08-21,1.0539644282716867,SPX,2026-04-09,6831.35009765625,19.75,0.03584999799728394,0.015
7210.0,114.55,0.14477852023419313,0.3643835616438356,2026-08-21,1.0554282677553972,SPX,2026-04-09,6831.35009765625,19.75,0.03584999799728394,0.015
7220.0,110.9,0.1441653319905199,0.3643835616438356,2026-08-21,1.056892107239108,SPX,2026-04-09,6831.35009765625,19.75,0.03584999799728394,0.015
7225.0,109.1,0.14385851051708937,0.3643835616438356,2026-08-21,1.0576240269809634,SPX,2026-04-09,6831.35009765625,19.75,0.03584999799728394,0.015
7230.0,107.05,0.14336450007748455,0.3643835616438356,2026-08-21,1.0583559467228187,SPX,2026-04-09,6831.35009765625,19.75,0.03584999799728394,0.015
7240.0,103.25,0.1425470843526335,0.3643835616438356,2026-08-21,1.0598197862065293,SPX,2026-04-09,6831.35009765625,19.75,0.03584999799728394,0.015
7250.0,99.35,0.14160481886122303,0.3643835616438356,2026-08-21,1.06128362569024,SPX,2026-04-09,6831.35009765625,19.75,0.03584999799728394,0.015
7260.0,96.05000000000001,0.14104045168733892,0.3643835616438356,2026-08-21,1.0627474651739506,SPX,2026-04-09,6831.35009765625,19.75,0.03584999799728394,0.015
7275.0,91.05,0.1400645967652175,0.3643835616438356,2026-08-21,1.0649432243995167,SPX,2026-04-09,6831.35009765625,19.75,0.03584999799728394,0.015
7300.0,82.8,0.13823738492374943,0.3643835616438356,2026-08-21,1.0686028231087934,SPX,2026-04-09,6831.35009765625,19.75,0.03584999799728394,0.015
7325.0,75.4,0.13672368488843134,0.3643835616438356,2026-08-21,1.07226242181807,SPX,2026-04-09,6831.35009765625,19.75,0.03584999799728394,0.015
7350.0,69.1,0.1357635910367551,0.3643835616438356,2026-08-21,1.0759220205273468,SPX,2026-04-09,6831.35009765625,19.75,0.03584999799728394,0.015
7375.0,61.8,0.1336432746222052,0.3643835616438356,2026-08-21,1.0795816192366234,SPX,2026-04-09,6831.35009765625,19.75,0.03584999799728394,0.015
7400.0,56.45,0.1328346748271747,0.3643835616438356,2026-08-21,1.0832412179459001,SPX,2026-04-09,6831.35009765625,19.75,0.03584999799728394,0.015
7425.0,50.4,0.1310641979439223,0.3643835616438356,2026-08-21,1.0869008166551768,SPX,2026-04-09,6831.35009765625,19.75,0.03584999799728394,0.015
7450.0,45.55,0.13005120314361956,0.3643835616438356,2026-08-21,1.0905604153644535,SPX,2026-04-09,6831.35009765625,19.75,0.03584999799728394,0.015
7475.0,41.0,0.12899926071500004,0.3643835616438356,2026-08-21,1.0942200140737302,SPX,2026-04-09,6831.35009765625,19.75,0.03584999799728394,0.015
7500.0,37.2,0.1284024893071921,0.3643835616438356,2026-08-21,1.0978796127830068,SPX,2026-04-09,6831.35009765625,19.75,0.03584999799728394,0.015
7525.0,33.25,0.12732159709133245,0.3643835616438356,2026-08-21,1.1015392114922835,SPX,2026-04-09,6831.35009765625,19.75,0.03584999799728394,0.015
7550.0,29.8,0.12647218492315312,0.3643835616438356,2026-08-21,1.1051988102015602,SPX,2026-04-09,6831.35009765625,19.75,0.03584999799728394,0.015
7575.0,26.65,0.12565678750967077,0.3643835616438356,2026-08-21,1.1088584089108369,SPX,2026-04-09,6831.35009765625,19.75,0.03584999799728394,0.015
7600.0,23.9,0.1250375958411773,0.3643835616438356,2026-08-21,1.1125180076201135,SPX,2026-04-09,6831.35009765625,19.75,0.03584999799728394,0.015
7625.0,21.5,0.12460006800770626,0.3643835616438356,2026-08-21,1.1161776063293902,SPX,2026-04-09,6831.35009765625,19.75,0.03584999799728394,0.015
7650.0,19.5,0.12447768805955019,0.3643835616438356,2026-08-21,1.1198372050386671,SPX,2026-04-09,6831.35009765625,19.75,0.03584999799728394,0.015
7675.0,17.25,0.1236707993646108,0.3643835616438356,2026-08-21,1.1234968037479438,SPX,2026-04-09,6831.35009765625,19.75,0.03584999799728394,0.015
7700.0,15.65,0.12366128146275028,0.3643835616438356,2026-08-21,1.1271564024572205,SPX,2026-04-09,6831.35009765625,19.75,0.03584999799728394,0.015
7725.0,13.95,0.12320839135684852,0.3643835616438356,2026-08-21,1.1308160011664972,SPX,2026-04-09,6831.35009765625,19.75,0.03584999799728394,0.015
7750.0,12.55,0.12305618826970821,0.3643835616438356,2026-08-21,1.1344755998757738,SPX,2026-04-09,6831.35009765625,19.75,0.03584999799728394,0.015
7775.0,11.2,0.12274247541236977,0.3643835616438356,2026-08-21,1.1381351985850505,SPX,2026-04-09,6831.35009765625,19.75,0.03584999799728394,0.015
7800.0,10.05,0.12260878292343616,0.3643835616438356,2026-08-21,1.1417947972943272,SPX,2026-04-09,6831.35009765625,19.75,0.03584999799728394,0.015
7825.0,9.05,0.12259311755553763,0.3643835616438356,2026-08-21,1.1454543960036039,SPX,2026-04-09,6831.35009765625,19.75,0.03584999799728394,0.015
7850.0,8.25,0.12288179748270409,0.3643835616438356,2026-08-21,1.1491139947128806,SPX,2026-04-09,6831.35009765625,19.75,0.03584999799728394,0.015
6840.0,331.35,0.18200598358823555,0.3917808219178082,2026-08-31,1.0012662068581022,SPX,2026-04-09,6831.35009765625,19.75,0.03584999799728394,0.015
6850.0,325.1,0.18121713533372902,0.3917808219178082,2026-08-31,1.002730046341813,SPX,2026-04-09,6831.35009765625,19.75,0.03584999799728394,0.015
6870.0,311.9,0.17914133226425785,0.3917808219178082,2026-08-31,1.0056577253092343,SPX,2026-04-09,6831.35009765625,19.75,0.03584999799728394,0.015
6875.0,308.3,0.17842763621021607,0.3917808219178082,2026-08-31,1.0063896450510896,SPX,2026-04-09,6831.35009765625,19.75,0.03584999799728394,0.015
6880.0,305.5,0.17817966288512174,0.3917808219178082,2026-08-31,1.007121564792945,SPX,2026-04-09,6831.35009765625,19.75,0.03584999799728394,0.015
6890.0,298.75,0.1769831129486603,0.3917808219178082,2026-08-31,1.0085854042766556,SPX,2026-04-09,6831.35009765625,19.75,0.03584999799728394,0.015
6900.0,292.4,0.17599357220922635,0.3917808219178082,2026-08-31,1.0100492437603663,SPX,2026-04-09,6831.35009765625,19.75,0.03584999799728394,0.015
6920.0,279.05,0.17354263519389274,0.3917808219178082,2026-08-31,1.0129769227277876,SPX,2026-04-09,6831.35009765625,19.75,0.03584999799728394,0.015
6925.0,276.7,0.1734934270092988,0.3917808219178082,2026-08-31,1.013708842469643,SPX,2026-04-09,6831.35009765625,19.75,0.03584999799728394,0.015
6940.0,267.4,0.17197296222742006,0.3917808219178082,2026-08-31,1.0159046016952091,SPX,2026-04-09,6831.35009765625,19.75,0.03584999799728394,0.015
6950.0,260.95,0.1707726398784746,0.3917808219178082,2026-08-31,1.0173684411789197,SPX,2026-04-09,6831.35009765625,19.75,0.03584999799728394,0.015
6960.0,255.3,0.17001264103645874,0.3917808219178082,2026-08-31,1.0188322806626304,SPX,2026-04-09,6831.35009765625,19.75,0.03584999799728394,0.015
6970.0,249.2,0.16895484303245611,0.3917808219178082,2026-08-31,1.020296120146341,SPX,2026-04-09,6831.35009765625,19.75,0.03584999799728394,0.015
6975.0,245.64999999999998,0.1681181323540056,0.3917808219178082,2026-08-31,1.0210280398881963,SPX,2026-04-09,6831.35009765625,19.75,0.03584999799728394,0.015
6980.0,243.64999999999998,0.16818935229487453,0.3917808219178082,2026-08-31,1.0217599596300517,SPX,2026-04-09,6831.35009765625,19.75,0.03584999799728394,0.015
6990.0,237.75,0.16718387637392457,0.3917808219178082,2026-08-31,1.0232237991137625,SPX,2026-04-09,6831.35009765625,19.75,0.03584999799728394,0.015
7000.0,231.45,0.16590740053043004,0.3917808219178082,2026-08-31,1.024687638597473,SPX,2026-04-09,6831.35009765625,19.75,0.03584999799728394,0.015
7025.0,217.75,0.16378077158562707,0.3917808219178082,2026-08-31,1.0283472373067497,SPX,2026-04-09,6831.35009765625,19.75,0.03584999799728394,0.015
7050.0,203.14999999999998,0.16089406503284412,0.3917808219178082,2026-08-31,1.0320068360160264,SPX,2026-04-09,6831.35009765625,19.75,0.03584999799728394,0.015
7075.0,190.64999999999998,0.1590353999907162,0.3917808219178082,2026-08-31,1.035666434725303,SPX,2026-04-09,6831.35009765625,19.75,0.03584999799728394,0.015
7100.0,177.8,0.15673003096074886,0.3917808219178082,2026-08-31,1.0393260334345797,SPX,2026-04-09,6831.35009765625,19.75,0.03584999799728394,0.015
7125.0,165.5,0.15451277885398854,0.3917808219178082,2026-08-31,1.0429856321438566,SPX,2026-04-09,6831.35009765625,19.75,0.03584999799728394,0.015
7150.0,153.4,0.15216171975081813,0.3917808219178082,2026-08-31,1.0466452308531333,SPX,2026-04-09,6831.35009765625,19.75,0.03584999799728394,0.015
7175.0,142.1,0.15004469634184928,0.3917808219178082,2026-08-31,1.05030482956241,SPX,2026-04-09,6831.35009765625,19.75,0.03584999799728394,0.015
7200.0,131.5,0.14810281165338954,0.3917808219178082,2026-08-31,1.0539644282716867,SPX,2026-04-09,6831.35009765625,19.75,0.03584999799728394,0.015
7225.0,121.05000000000001,0.14597774966878566,0.3917808219178082,2026-08-31,1.0576240269809634,SPX,2026-04-09,6831.35009765625,19.75,0.03584999799728394,0.015
7250.0,111.30000000000001,0.1440250159480975,0.3917808219178082,2026-08-31,1.06128362569024,SPX,2026-04-09,6831.35009765625,19.75,0.03584999799728394,0.015
7275.0,102.5,0.14242614098438192,0.3917808219178082,2026-08-31,1.0649432243995167,SPX,2026-04-09,6831.35009765625,19.75,0.03584999799728394,0.015
7300.0,93.85,0.14063746152276993,0.3917808219178082,2026-08-31,1.0686028231087934,SPX,2026-04-09,6831.35009765625,19.75,0.03584999799728394,0.015
7325.0,85.6,0.13882505287429353,0.3917808219178082,2026-08-31,1.07226242181807,SPX,2026-04-09,6831.35009765625,19.75,0.03584999799728394,0.015
7350.0,78.35,0.1374417604958186,0.3917808219178082,2026-08-31,1.0759220205273468,SPX,2026-04-09,6831.35009765625,19.75,0.03584999799728394,0.015
7375.0,71.0,0.13566794014801725,0.3917808219178082,2026-08-31,1.0795816192366234,SPX,2026-04-09,6831.35009765625,19.75,0.03584999799728394,0.015
7400.0,64.9,0.13456663313132333,0.3917808219178082,2026-08-31,1.0832412179459001,SPX,2026-04-09,6831.35009765625,19.75,0.03584999799728394,0.015
7425.0,58.7,0.13307313087082195,0.3917808219178082,2026-08-31,1.0869008166551768,SPX,2026-04-09,6831.35009765625,19.75,0.03584999799728394,0.015
7450.0,53.3,0.13194398979972716,0.3917808219178082,2026-08-31,1.0905604153644535,SPX,2026-04-09,6831.35009765625,19.75,0.03584999799728394,0.015
7500.0,43.75,0.12989725915704556,0.3917808219178082,2026-08-31,1.0978796127830068,SPX,2026-04-09,6831.35009765625,19.75,0.03584999799728394,0.015
7550.0,35.55,0.1279354933964745,0.3917808219178082,2026-08-31,1.1051988102015602,SPX,2026-04-09,6831.35009765625,19.75,0.03584999799728394,0.015
7600.0,29.0,0.12655938977879638,0.3917808219178082,2026-08-31,1.1125180076201135,SPX,2026-04-09,6831.35009765625,19.75,0.03584999799728394,0.015
7650.0,23.450000000000003,0.12523472212774292,0.3917808219178082,2026-08-31,1.1198372050386671,SPX,2026-04-09,6831.35009765625,19.75,0.03584999799728394,0.015
7700.0,19.1,0.12443958134540499,0.3917808219178082,2026-08-31,1.1271564024572205,SPX,2026-04-09,6831.35009765625,19.75,0.03584999799728394,0.015
7800.0,12.65,0.12343187303983097,0.3917808219178082,2026-08-31,1.1417947972943272,SPX,2026-04-09,6831.35009765625,19.75,0.03584999799728394,0.015
6840.0,358.79999999999995,0.1851020602624969,0.4410958904109589,2026-09-18,1.0012662068581022,SPX,2026-04-09,6831.35009765625,19.75,0.03584999799728394,0.015
6850.0,352.15,0.18412815248449224,0.4410958904109589,2026-09-18,1.002730046341813,SPX,2026-04-09,6831.35009765625,19.75,0.03584999799728394,0.015
6860.0,345.2,0.1829629770373737,0.4410958904109589,2026-09-18,1.0041938858255237,SPX,2026-04-09,6831.35009765625,19.75,0.03584999799728394,0.015
6870.0,338.55,0.1819418831421328,0.4410958904109589,2026-09-18,1.0056577253092343,SPX,2026-04-09,6831.35009765625,19.75,0.03584999799728394,0.015
6875.0,335.65,0.1816594923422941,0.4410958904109589,2026-09-18,1.0063896450510896,SPX,2026-04-09,6831.35009765625,19.75,0.03584999799728394,0.015
6880.0,332.0,0.18095242095121197,0.4410958904109589,2026-09-18,1.007121564792945,SPX,2026-04-09,6831.35009765625,19.75,0.03584999799728394,0.015
6890.0,325.95,0.18021729846187046,0.4410958904109589,2026-09-18,1.0085854042766556,SPX,2026-04-09,6831.35009765625,19.75,0.03584999799728394,0.015
6900.0,318.55,0.1787043586094529,0.4410958904109589,2026-09-18,1.0100492437603663,SPX,2026-04-09,6831.35009765625,19.75,0.03584999799728394,0.015
6910.0,312.95,0.1781692329407983,0.4410958904109589,2026-09-18,1.011513083244077,SPX,2026-04-09,6831.35009765625,19.75,0.03584999799728394,0.015
6920.0,306.65,0.17721837445437152,0.4410958904109589,2026-09-18,1.0129769227277876,SPX,2026-04-09,6831.35009765625,19.75,0.03584999799728394,0.015
6925.0,303.6,0.17678882429457016,0.4410958904109589,2026-09-18,1.013708842469643,SPX,2026-04-09,6831.35009765625,19.75,0.03584999799728394,0.015
6930.0,300.9,0.17654737604995,0.4410958904109589,2026-09-18,1.0144407622114984,SPX,2026-04-09,6831.35009765625,19.75,0.03584999799728394,0.015
6940.0,294.0,0.17521031867949063,0.4410958904109589,2026-09-18,1.0159046016952091,SPX,2026-04-09,6831.35009765625,19.75,0.03584999799728394,0.015
6950.0,288.20000000000005,0.17445830903077714,0.4410958904109589,2026-09-18,1.0173684411789197,SPX,2026-04-09,6831.35009765625,19.75,0.03584999799728394,0.015
6960.0,281.95000000000005,0.17342871886511071,0.4410958904109589,2026-09-18,1.0188322806626304,SPX,2026-04-09,6831.35009765625,19.75,0.03584999799728394,0.015
6975.0,272.4,0.17173500452627477,0.4410958904109589,2026-09-18,1.0210280398881963,SPX,2026-04-09,6831.35009765625,19.75,0.03584999799728394,0.015
7000.0,258.45,0.16986586853478833,0.4410958904109589,2026-09-18,1.024687638597473,SPX,2026-04-09,6831.35009765625,19.75,0.03584999799728394,0.015
7025.0,243.85000000000002,0.16745254387791678,0.4410958904109589,2026-09-18,1.0283472373067497,SPX,2026-04-09,6831.35009765625,19.75,0.03584999799728394,0.015
7050.0,229.1,0.1647641624309047,0.4410958904109589,2026-09-18,1.0320068360160264,SPX,2026-04-09,6831.35009765625,19.75,0.03584999799728394,0.015
7075.0,215.8,0.1626942751902117,0.4410958904109589,2026-09-18,1.035666434725303,SPX,2026-04-09,6831.35009765625,19.75,0.03584999799728394,0.015
7100.0,202.95,0.16067890342221178,0.4410958904109589,2026-09-18,1.0393260334345797,SPX,2026-04-09,6831.35009765625,19.75,0.03584999799728394,0.015
7125.0,190.0,0.1583978377520313,0.4410958904109589,2026-09-18,1.0429856321438566,SPX,2026-04-09,6831.35009765625,19.75,0.03584999799728394,0.015
7150.0,177.1,0.15592447224774128,0.4410958904109589,2026-09-18,1.0466452308531333,SPX,2026-04-09,6831.35009765625,19.75,0.03584999799728394,0.015
7175.0,165.55,0.15401107406030035,0.4410958904109589,2026-09-18,1.05030482956241,SPX,2026-04-09,6831.35009765625,19.75,0.03584999799728394,0.015
7200.0,154.10000000000002,0.15192766416540654,0.4410958904109589,2026-09-18,1.0539644282716867,SPX,2026-04-09,6831.35009765625,19.75,0.03584999799728394,0.015
7225.0,143.25,0.14996533402730186,0.4410958904109589,2026-09-18,1.0576240269809634,SPX,2026-04-09,6831.35009765625,19.75,0.03584999799728394,0.015
7250.0,132.9,0.14806394609321236,0.4410958904109589,2026-09-18,1.06128362569024,SPX,2026-04-09,6831.35009765625,19.75,0.03584999799728394,0.015
7275.0,123.25,0.14634978984458974,0.4410958904109589,2026-09-18,1.0649432243995167,SPX,2026-04-09,6831.35009765625,19.75,0.03584999799728394,0.015
7300.0,113.75,0.14447631429398458,0.4410958904109589,2026-09-18,1.0686028231087934,SPX,2026-04-09,6831.35009765625,19.75,0.03584999799728394,0.015
7325.0,105.15,0.1429266926004961,0.4410958904109589,2026-09-18,1.07226242181807,SPX,2026-04-09,6831.35009765625,19.75,0.03584999799728394,0.015
7350.0,96.55,0.141112433715233,0.4410958904109589,2026-09-18,1.0759220205273468,SPX,2026-04-09,6831.35009765625,19.75,0.03584999799728394,0.015
7375.0,88.75,0.1395708341757433,0.4410958904109589,2026-09-18,1.0795816192366234,SPX,2026-04-09,6831.35009765625,19.75,0.03584999799728394,0.015
7400.0,81.6,0.13821830184848874,0.4410958904109589,2026-09-18,1.0832412179459001,SPX,2026-04-09,6831.35009765625,19.75,0.03584999799728394,0.015
7425.0,74.75,0.13681393285482174,0.4410958904109589,2026-09-18,1.0869008166551768,SPX,2026-04-09,6831.35009765625,19.75,0.03584999799728394,0.015
7450.0,68.19999999999999,0.13535434987896663,0.4410958904109589,2026-09-18,1.0905604153644535,SPX,2026-04-09,6831.35009765625,19.75,0.03584999799728394,0.015
7475.0,62.349999999999994,0.13415928433433602,0.4410958904109589,2026-09-18,1.0942200140737302,SPX,2026-04-09,6831.35009765625,19.75,0.03584999799728394,0.015
7500.0,57.1,0.13318198633318815,0.4410958904109589,2026-09-18,1.0978796127830068,SPX,2026-04-09,6831.35009765625,19.75,0.03584999799728394,0.015
7525.0,51.849999999999994,0.13193064484843556,0.4410958904109589,2026-09-18,1.1015392114922835,SPX,2026-04-09,6831.35009765625,19.75,0.03584999799728394,0.015
7550.0,47.25,0.1309706288442094,0.4410958904109589,2026-09-18,1.1051988102015602,SPX,2026-04-09,6831.35009765625,19.75,0.03584999799728394,0.015
7575.0,43.15,0.13020783543473224,0.4410958904109589,2026-09-18,1.1088584089108369,SPX,2026-04-09,6831.35009765625,19.75,0.03584999799728394,0.015
7600.0,39.35,0.12947898767290936,0.4410958904109589,2026-09-18,1.1125180076201135,SPX,2026-04-09,6831.35009765625,19.75,0.03584999799728394,0.015
7625.0,35.55,0.12848109936371832,0.4410958904109589,2026-09-18,1.1161776063293902,SPX,2026-04-09,6831.35009765625,19.75,0.03584999799728394,0.015
7650.0,32.400000000000006,0.12790816529659524,0.4410958904109589,2026-09-18,1.1198372050386671,SPX,2026-04-09,6831.35009765625,19.75,0.03584999799728394,0.015
7675.0,29.299999999999997,0.12713522242127667,0.4410958904109589,2026-09-18,1.1234968037479438,SPX,2026-04-09,6831.35009765625,19.75,0.03584999799728394,0.015
7700.0,26.7,0.12670196800666547,0.4410958904109589,2026-09-18,1.1271564024572205,SPX,2026-04-09,6831.35009765625,19.75,0.03584999799728394,0.015
7725.0,24.15,0.1260872770587778,0.4410958904109589,2026-09-18,1.1308160011664972,SPX,2026-04-09,6831.35009765625,19.75,0.03584999799728394,0.015
7750.0,21.950000000000003,0.12569174424725407,0.4410958904109589,2026-09-18,1.1344755998757738,SPX,2026-04-09,6831.35009765625,19.75,0.03584999799728394,0.015
7775.0,19.9,0.1252734181012702,0.4410958904109589,2026-09-18,1.1381351985850505,SPX,2026-04-09,6831.35009765625,19.75,0.03584999799728394,0.015
7800.0,18.15,0.12507923476627592,0.4410958904109589,2026-09-18,1.1417947972943272,SPX,2026-04-09,6831.35009765625,19.75,0.03584999799728394,0.015
7825.0,16.4,0.12466316864271895,0.4410958904109589,2026-09-18,1.1454543960036039,SPX,2026-04-09,6831.35009765625,19.75,0.03584999799728394,0.015
7850.0,14.85,0.124353539824516,0.4410958904109589,2026-09-18,1.1491139947128806,SPX,2026-04-09,6831.35009765625,19.75,0.03584999799728394,0.015
6835.0,377.8,0.18635881782060343,0.473972602739726,2026-09-30,1.000534287116247,SPX,2026-04-09,6831.35009765625,19.75,0.03584999799728394,0.015
6840.0,375.6,0.18650466404828067,0.473972602739726,2026-09-30,1.0012662068581022,SPX,2026-04-09,6831.35009765625,19.75,0.03584999799728394,0.015
6845.0,262.25,0.12649063953160714,0.473972602739726,2026-09-30,1.0019981265999576,SPX,2026-04-09,6831.35009765625,19.75,0.03584999799728394,0.015
6850.0,368.0,0.18504753232651744,0.473972602739726,2026-09-30,1.002730046341813,SPX,2026-04-09,6831.35009765625,19.75,0.03584999799728394,0.015
6855.0,364.7,0.18458153671191582,0.473972602739726,2026-09-30,1.0034619660836683,SPX,2026-04-09,6831.35009765625,19.75,0.03584999799728394,0.015
6860.0,361.4,0.18411007563281043,0.473972602739726,2026-09-30,1.0041938858255237,SPX,2026-04-09,6831.35009765625,19.75,0.03584999799728394,0.015
6865.0,358.8,0.18401084468367063,0.473972602739726,2026-09-30,1.0049258055673789,SPX,2026-04-09,6831.35009765625,19.75,0.03584999799728394,0.015
6870.0,355.2,0.183366356051415,0.473972602739726,2026-09-30,1.0056577253092343,SPX,2026-04-09,6831.35009765625,19.75,0.03584999799728394,0.015
6875.0,351.55,0.18268955096222944,0.473972602739726,2026-09-30,1.0063896450510896,SPX,2026-04-09,6831.35009765625,19.75,0.03584999799728394,0.015
6880.0,349.4,0.18281543776542242,0.473972602739726,2026-09-30,1.007121564792945,SPX,2026-04-09,6831.35009765625,19.75,0.03584999799728394,0.015
6890.0,342.95,0.18189140365233541,0.473972602739726,2026-09-30,1.0085854042766556,SPX,2026-04-09,6831.35009765625,19.75,0.03584999799728394,0.015
6900.0,336.55,0.18097137636676944,0.473972602739726,2026-09-30,1.0100492437603663,SPX,2026-04-09,6831.35009765625,19.75,0.03584999799728394,0.015
6910.0,330.15,0.18002831571807795,0.473972602739726,2026-09-30,1.011513083244077,SPX,2026-04-09,6831.35009765625,19.75,0.03584999799728394,0.015
6915.0,225.35,0.1249846032339873,0.473972602739726,2026-09-30,1.0122450029859325,SPX,2026-04-09,6831.35009765625,19.75,0.03584999799728394,0.015
6920.0,323.65,0.17900805918827004,0.473972602739726,2026-09-30,1.0129769227277876,SPX,2026-04-09,6831.35009765625,19.75,0.03584999799728394,0.015
6925.0,319.75,0.17813999388817775,0.473972602739726,2026-09-30,1.013708842469643,SPX,2026-04-09,6831.35009765625,19.75,0.03584999799728394,0.015
6930.0,317.55,0.17817888471799584,0.473972602739726,2026-09-30,1.0144407622114984,SPX,2026-04-09,6831.35009765625,19.75,0.03584999799728394,0.015
6935.0,313.4,0.1771646984891442,0.473972602739726,2026-09-30,1.0151726819533538,SPX,2026-04-09,6831.35009765625,19.75,0.03584999799728394,0.015
6940.0,310.3,0.17670821413748156,0.473972602739726,2026-09-30,1.0159046016952091,SPX,2026-04-09,6831.35009765625,19.75,0.03584999799728394,0.015
6945.0,307.2,0.17624560108513385,0.473972602739726,2026-09-30,1.0166365214370643,SPX,2026-04-09,6831.35009765625,19.75,0.03584999799728394,0.015
6950.0,304.75,0.17612572338393606,0.473972602739726,2026-09-30,1.0173684411789197,SPX,2026-04-09,6831.35009765625,19.75,0.03584999799728394,0.015
6955.0,301.5,0.17557021572105402,0.473972602739726,2026-09-30,1.018100360920775,SPX,2026-04-09,6831.35009765625,19.75,0.03584999799728394,0.015
6960.0,298.79999999999995,0.17530380312548005,0.473972602739726,2026-09-30,1.0188322806626304,SPX,2026-04-09,6831.35009765625,19.75,0.03584999799728394,0.015
6965.0,295.0,0.17444038357221353,0.473972602739726,2026-09-30,1.0195642004044858,SPX,2026-04-09,6831.35009765625,19.75,0.03584999799728394,0.015
6970.0,292.65,0.174349198718395,0.473972602739726,2026-09-30,1.020296120146341,SPX,2026-04-09,6831.35009765625,19.75,0.03584999799728394,0.015
6975.0,289.8,0.17398323833760188,0.473972602739726,2026-09-30,1.0210280398881963,SPX,2026-04-09,6831.35009765625,19.75,0.03584999799728394,0.015
6980.0,285.9,0.17304688235175347,0.473972602739726,2026-09-30,1.0217599596300517,SPX,2026-04-09,6831.35009765625,19.75,0.03584999799728394,0.015
6985.0,283.4,0.17285604833326357,0.473972602739726,2026-09-30,1.022491879371907,SPX,2026-04-09,6831.35009765625,19.75,0.03584999799728394,0.015
6990.0,280.65,0.1725244883790322,0.473972602739726,2026-09-30,1.0232237991137625,SPX,2026-04-09,6831.35009765625,19.75,0.03584999799728394,0.015
6995.0,277.0,0.17170256708109505,0.473972602739726,2026-09-30,1.0239557188556176,SPX,2026-04-09,6831.35009765625,19.75,0.03584999799728394,0.015
7000.0,275.05,0.1717881453740437,0.473972602739726,2026-09-30,1.024687638597473,SPX,2026-04-09,6831.35009765625,19.75,0.03584999799728394,0.015
7005.0,272.1,0.17132943498184752,0.473972602739726,2026-09-30,1.0254195583393284,SPX,2026-04-09,6831.35009765625,19.75,0.03584999799728394,0.015
7010.0,268.85,0.17070253441711394,0.473972602739726,2026-09-30,1.0261514780811838,SPX,2026-04-09,6831.35009765625,19.75,0.03584999799728394,0.015
7015.0,266.25,0.17041884480083835,0.473972602739726,2026-09-30,1.0268833978230392,SPX,2026-04-09,6831.35009765625,19.75,0.03584999799728394,0.015
7020.0,263.0,0.16977825056605517,0.473972602739726,2026-09-30,1.0276153175648945,SPX,2026-04-09,6831.35009765625,19.75,0.03584999799728394,0.015
7025.0,260.2,0.16937328407781124,0.473972602739726,2026-09-30,1.0283472373067497,SPX,2026-04-09,6831.35009765625,19.75,0.03584999799728394,0.015
7030.0,256.6,0.1685297728072359,0.473972602739726,2026-09-30,1.029079157048605,SPX,2026-04-09,6831.35009765625,19.75,0.03584999799728394,0.015
7035.0,254.5,0.16848885767536134,0.473972602739726,2026-09-30,1.0298110767904605,SPX,2026-04-09,6831.35009765625,19.75,0.03584999799728394,0.015
7040.0,250.9,0.16763087993769601,0.473972602739726,2026-09-30,1.0305429965323158,SPX,2026-04-09,6831.35009765625,19.75,0.03584999799728394,0.015
7045.0,248.95,0.16765771801910062,0.473972602739726,2026-09-30,1.0312749162741712,SPX,2026-04-09,6831.35009765625,19.75,0.03584999799728394,0.015
7050.0,246.2,0.1672451922082745,0.473972602739726,2026-09-30,1.0320068360160264,SPX,2026-04-09,6831.35009765625,19.75,0.03584999799728394,0.015
7055.0,243.4,0.1667985282578682,0.473972602739726,2026-09-30,1.0327387557578818,SPX,2026-04-09,6831.35009765625,19.75,0.03584999799728394,0.015
7060.0,240.25,0.1661548748618114,0.473972602739726,2026-09-30,1.0334706754997371,SPX,2026-04-09,6831.35009765625,19.75,0.03584999799728394,0.015
7065.0,237.8,0.16588366301089813,0.473972602739726,2026-09-30,1.0342025952415925,SPX,2026-04-09,6831.35009765625,19.75,0.03584999799728394,0.015
7070.0,234.2,0.16498050041132314,0.473972602739726,2026-09-30,1.034934514983448,SPX,2026-04-09,6831.35009765625,19.75,0.03584999799728394,0.015
7075.0,232.2,0.1649396296684579,0.473972602739726,2026-09-30,1.035666434725303,SPX,2026-04-09,6831.35009765625,19.75,0.03584999799728394,0.015
7080.0,149.45,0.1205038980021776,0.473972602739726,2026-09-30,1.0363983544671584,SPX,2026-04-09,6831.35009765625,19.75,0.03584999799728394,0.015
7085.0,226.9,0.16412947701858988,0.473972602739726,2026-09-30,1.0371302742090138,SPX,2026-04-09,6831.35009765625,19.75,0.03584999799728394,0.015
7090.0,224.1,0.16363145010437177,0.473972602739726,2026-09-30,1.0378621939508692,SPX,2026-04-09,6831.35009765625,19.75,0.03584999799728394,0.015
7095.0,220.7,0.16279761413385385,0.473972602739726,2026-09-30,1.0385941136927246,SPX,2026-04-09,6831.35009765625,19.75,0.03584999799728394,0.015
7100.0,218.5,0.16261231269861726,0.473972602739726,2026-09-30,1.0393260334345797,SPX,2026-04-09,6831.35009765625,19.75,0.03584999799728394,0.015
7105.0,139.6,0.119855968719063,0.473972602739726,2026-09-30,1.0400579531764351,SPX,2026-04-09,6831.35009765625,19.75,0.03584999799728394,0.015
7110.0,212.8,0.16150687273539624,0.473972602739726,2026-09-30,1.0407898729182905,SPX,2026-04-09,6831.35009765625,19.75,0.03584999799728394,0.015
7115.0,210.4,0.161189613478968,0.473972602739726,2026-09-30,1.0415217926601459,SPX,2026-04-09,6831.35009765625,19.75,0.03584999799728394,0.015
7120.0,207.6,0.16064450886582135,0.473972602739726,2026-09-30,1.0422537124020013,SPX,2026-04-09,6831.35009765625,19.75,0.03584999799728394,0.015
7125.0,205.5,0.16047759624520413,0.473972602739726,2026-09-30,1.0429856321438566,SPX,2026-04-09,6831.35009765625,19.75,0.03584999799728394,0.015
7130.0,187.45,0.15146338471684814,0.473972602739726,2026-09-30,1.0437175518857118,SPX,2026-04-09,6831.35009765625,19.75,0.03584999799728394,0.015
7135.0,185.35000000000002,0.151266645703326,0.473972602739726,2026-09-30,1.0444494716275672,SPX,2026-04-09,6831.35009765625,19.75,0.03584999799728394,0.015
7140.0,198.1,0.15932434604997672,0.473972602739726,2026-09-30,1.0451813913694226,SPX,2026-04-09,6831.35009765625,19.75,0.03584999799728394,0.015
7145.0,194.85000000000002,0.1584884960709686,0.473972602739726,2026-09-30,1.045913311111278,SPX,2026-04-09,6831.35009765625,19.75,0.03584999799728394,0.015
7150.0,192.35000000000002,0.15806121347490604,0.473972602739726,2026-09-30,1.0466452308531333,SPX,2026-04-09,6831.35009765625,19.75,0.03584999799728394,0.015
7155.0,190.7,0.15810012910647578,0.473972602739726,2026-09-30,1.0473771505949885,SPX,2026-04-09,6831.35009765625,19.75,0.03584999799728394,0.015
7160.0,187.45,0.15723756427558003,0.473972602739726,2026-09-30,1.0481090703368439,SPX,2026-04-09,6831.35009765625,19.75,0.03584999799728394,0.015
7165.0,117.4,0.11814798880566073,0.473972602739726,2026-09-30,1.0488409900786992,SPX,2026-04-09,6831.35009765625,19.75,0.03584999799728394,0.015
7170.0,183.4,0.15685866268617124,0.473972602739726,2026-09-30,1.0495729098205546,SPX,2026-04-09,6831.35009765625,19.75,0.03584999799728394,0.015
7175.0,180.25,0.1560245323890032,0.473972602739726,2026-09-30,1.05030482956241,SPX,2026-04-09,6831.35009765625,19.75,0.03584999799728394,0.015
7180.0,178.3,0.15585761737512047,0.473972602739726,2026-09-30,1.0510367493042652,SPX,2026-04-09,6831.35009765625,19.75,0.03584999799728394,0.015
7185.0,176.2,0.15559849236435938,0.473972602739726,2026-09-30,1.0517686690461205,SPX,2026-04-09,6831.35009765625,19.75,0.03584999799728394,0.015
7190.0,173.7,0.15510513579523336,0.473972602739726,2026-09-30,1.052500588787976,SPX,2026-04-09,6831.35009765625,19.75,0.03584999799728394,0.015
7195.0,171.0,0.15448844228882305,0.473972602739726,2026-09-30,1.0532325085298313,SPX,2026-04-09,6831.35009765625,19.75,0.03584999799728394,0.015
7200.0,169.14999999999998,0.15434711328835213,0.473972602739726,2026-09-30,1.0539644282716867,SPX,2026-04-09,6831.35009765625,19.75,0.03584999799728394,0.015
7205.0,166.25,0.15359795608443688,0.473972602739726,2026-09-30,1.0546963480135418,SPX,2026-04-09,6831.35009765625,19.75,0.03584999799728394,0.015
7210.0,164.35000000000002,0.15341184192508106,0.473972602739726,2026-09-30,1.0554282677553972,SPX,2026-04-09,6831.35009765625,19.75,0.03584999799728394,0.015
7215.0,162.35000000000002,0.15316064881060465,0.473972602739726,2026-09-30,1.0561601874972526,SPX,2026-04-09,6831.35009765625,19.75,0.03584999799728394,0.015
7220.0,159.9,0.1526419277801694,0.473972602739726,2026-09-30,1.056892107239108,SPX,2026-04-09,6831.35009765625,19.75,0.03584999799728394,0.015
7225.0,157.9,0.15237404145035402,0.473972602739726,2026-09-30,1.0576240269809634,SPX,2026-04-09,6831.35009765625,19.75,0.03584999799728394,0.015
7230.0,155.5,0.15186588256273623,0.473972602739726,2026-09-30,1.0583559467228187,SPX,2026-04-09,6831.35009765625,19.75,0.03584999799728394,0.015
7235.0,153.25,0.15143540934423994,0.473972602739726,2026-09-30,1.059087866464674,SPX,2026-04-09,6831.35009765625,19.75,0.03584999799728394,0.015
7240.0,150.95,0.1509664798844873,0.473972602739726,2026-09-30,1.0598197862065293,SPX,2026-04-09,6831.35009765625,19.75,0.03584999799728394,0.015
7245.0,149.14999999999998,0.1507810805286527,0.473972602739726,2026-09-30,1.0605517059483847,SPX,2026-04-09,6831.35009765625,19.75,0.03584999799728394,0.015
7250.0,147.05,0.1504115147797684,0.473972602739726,2026-09-30,1.06128362569024,SPX,2026-04-09,6831.35009765625,19.75,0.03584999799728394,0.015
7255.0,144.75,0.14991490722168074,0.473972602739726,2026-09-30,1.0620155454320954,SPX,2026-04-09,6831.35009765625,19.75,0.03584999799728394,0.015
7260.0,142.64999999999998,0.14952677393564873,0.473972602739726,2026-09-30,1.0627474651739506,SPX,2026-04-09,6831.35009765625,19.75,0.03584999799728394,0.015
7265.0,140.8,0.14927796403780508,0.473972602739726,2026-09-30,1.063479384915806,SPX,2026-04-09,6831.35009765625,19.75,0.03584999799728394,0.015
7270.0,138.35000000000002,0.14866286625296907,0.473972602739726,2026-09-30,1.0642113046576613,SPX,2026-04-09,6831.35009765625,19.75,0.03584999799728394,0.015
7275.0,136.55,0.14842595503870912,0.473972602739726,2026-09-30,1.0649432243995167,SPX,2026-04-09,6831.35009765625,19.75,0.03584999799728394,0.015
7280.0,134.55,0.14806047377210427,0.473972602739726,2026-09-30,1.065675144141372,SPX,2026-04-09,6831.35009765625,19.75,0.03584999799728394,0.015
7285.0,132.55,0.14768563062595164,0.473972602739726,2026-09-30,1.0664070638832273,SPX,2026-04-09,6831.35009765625,19.75,0.03584999799728394,0.015
7290.0,130.6,0.14733158458339568,0.473972602739726,2026-09-30,1.0671389836250826,SPX,2026-04-09,6831.35009765625,19.75,0.03584999799728394,0.015
7295.0,128.64999999999998,0.14696813533807027,0.473972602739726,2026-09-30,1.067870903366938,SPX,2026-04-09,6831.35009765625,19.75,0.03584999799728394,0.015
7300.0,126.80000000000001,0.14665673752065522,0.473972602739726,2026-09-30,1.0686028231087934,SPX,2026-04-09,6831.35009765625,19.75,0.03584999799728394,0.015
7305.0,124.85,0.14627429171110357,0.473972602739726,2026-09-30,1.0693347428506488,SPX,2026-04-09,6831.35009765625,19.75,0.03584999799728394,0.015
7310.0,123.0,0.1459437458999599,0.473972602739726,2026-09-30,1.070066662592504,SPX,2026-04-09,6831.35009765625,19.75,0.03584999799728394,0.015
7315.0,121.30000000000001,0.14569667760308536,0.473972602739726,2026-09-30,1.0707985823343593,SPX,2026-04-09,6831.35009765625,19.75,0.03584999799728394,0.015
7320.0,119.45,0.14534764225863364,0.473972602739726,2026-09-30,1.0715305020762147,SPX,2026-04-09,6831.35009765625,19.75,0.03584999799728394,0.015
7325.0,117.5,0.14492646788624233,0.473972602739726,2026-09-30,1.07226242181807,SPX,2026-04-09,6831.35009765625,19.75,0.03584999799728394,0.015
7330.0,115.69999999999999,0.14458897912425708,0.473972602739726,2026-09-30,1.0729943415599255,SPX,2026-04-09,6831.35009765625,19.75,0.03584999799728394,0.015
7335.0,113.75,0.14414720221370364,0.473972602739726,2026-09-30,1.0737262613017808,SPX,2026-04-09,6831.35009765625,19.75,0.03584999799728394,0.015
7340.0,112.35,0.14404306490610685,0.473972602739726,2026-09-30,1.074458181043636,SPX,2026-04-09,6831.35009765625,19.75,0.03584999799728394,0.015
7345.0,110.4,0.14358129199670414,0.473972602739726,2026-09-30,1.0751901007854914,SPX,2026-04-09,6831.35009765625,19.75,0.03584999799728394,0.015
7350.0,108.85,0.1433642597693663,0.473972602739726,2026-09-30,1.0759220205273468,SPX,2026-04-09,6831.35009765625,19.75,0.03584999799728394,0.015
7375.0,100.45,0.14171875875738016,0.473972602739726,2026-09-30,1.0795816192366234,SPX,2026-04-09,6831.35009765625,19.75,0.03584999799728394,0.015
7400.0,92.75,0.14028659430630794,0.473972602739726,2026-09-30,1.0832412179459001,SPX,2026-04-09,6831.35009765625,19.75,0.03584999799728394,0.015
7425.0,85.30000000000001,0.1387735175948611,0.473972602739726,2026-09-30,1.0869008166551768,SPX,2026-04-09,6831.35009765625,19.75,0.03584999799728394,0.015
7450.0,78.15,0.13720869969084676,0.473972602739726,2026-09-30,1.0905604153644535,SPX,2026-04-09,6831.35009765625,19.75,0.03584999799728394,0.015
7475.0,71.80000000000001,0.13596055127179615,0.473972602739726,2026-09-30,1.0942200140737302,SPX,2026-04-09,6831.35009765625,19.75,0.03584999799728394,0.015
7500.0,66.15,0.13498957777434675,0.473972602739726,2026-09-30,1.0978796127830068,SPX,2026-04-09,6831.35009765625,19.75,0.03584999799728394,0.015
7550.0,55.45,0.13277971502216496,0.473972602739726,2026-09-30,1.1051988102015602,SPX,2026-04-09,6831.35009765625,19.75,0.03584999799728394,0.015
7600.0,46.2,0.13076435920232427,0.473972602739726,2026-09-30,1.1125180076201135,SPX,2026-04-09,6831.35009765625,19.75,0.03584999799728394,0.015
7650.0,38.55,0.1292142626234701,0.473972602739726,2026-09-30,1.1198372050386671,SPX,2026-04-09,6831.35009765625,19.75,0.03584999799728394,0.015
7700.0,32.05,0.12785729325758136,0.473972602739726,2026-09-30,1.1271564024572205,SPX,2026-04-09,6831.35009765625,19.75,0.03584999799728394,0.015
7750.0,26.6,0.12672778711509994,0.473972602739726,2026-09-30,1.1344755998757738,SPX,2026-04-09,6831.35009765625,19.75,0.03584999799728394,0.015
7800.0,22.049999999999997,0.1258031798368491,0.473972602739726,2026-09-30,1.1417947972943272,SPX,2026-04-09,6831.35009765625,19.75,0.03584999799728394,0.015
6850.0,392.79999999999995,0.188427302439545,0.5178082191780822,2026-10-16,1.002730046341813,SPX,2026-04-09,6831.35009765625,19.75,0.03584999799728394,0.015
6875.0,377.0,0.18649435951719498,0.5178082191780822,2026-10-16,1.0063896450510896,SPX,2026-04-09,6831.35009765625,19.75,0.03584999799728394,0.015
6900.0,360.85,0.18425491670149055,0.5178082191780822,2026-10-16,1.0100492437603663,SPX,2026-04-09,6831.35009765625,19.75,0.03584999799728394,0.015
6925.0,345.25,0.1821701370940322,0.5178082191780822,2026-10-16,1.013708842469643,SPX,2026-04-09,6831.35009765625,19.75,0.03584999799728394,0.015
6950.0,329.5,0.1798752709811965,0.5178082191780822,2026-10-16,1.0173684411789197,SPX,2026-04-09,6831.35009765625,19.75,0.03584999799728394,0.015
6975.0,314.35,0.17775194108940642,0.5178082191780822,2026-10-16,1.0210280398881963,SPX,2026-04-09,6831.35009765625,19.75,0.03584999799728394,0.015
7000.0,299.1,0.17543546123911039,0.5178082191780822,2026-10-16,1.024687638597473,SPX,2026-04-09,6831.35009765625,19.75,0.03584999799728394,0.015
7025.0,284.45,0.1732815565495007,0.5178082191780822,2026-10-16,1.0283472373067497,SPX,2026-04-09,6831.35009765625,19.75,0.03584999799728394,0.015
7050.0,269.75,0.17095057401796554,0.5178082191780822,2026-10-16,1.0320068360160264,SPX,2026-04-09,6831.35009765625,19.75,0.03584999799728394,0.015
7075.0,255.35,0.16861742933470944,0.5178082191780822,2026-10-16,1.035666434725303,SPX,2026-04-09,6831.35009765625,19.75,0.03584999799728394,0.015
7100.0,241.60000000000002,0.16645936262263028,0.5178082191780822,2026-10-16,1.0393260334345797,SPX,2026-04-09,6831.35009765625,19.75,0.03584999799728394,0.015
7125.0,228.55,0.1645005584401205,0.5178082191780822,2026-10-16,1.0429856321438566,SPX,2026-04-09,6831.35009765625,19.75,0.03584999799728394,0.015
7150.0,215.5,0.16237056026082036,0.5178082191780822,2026-10-16,1.0466452308531333,SPX,2026-04-09,6831.35009765625,19.75,0.03584999799728394,0.015
7175.0,202.75,0.1602205070337375,0.5178082191780822,2026-10-16,1.05030482956241,SPX,2026-04-09,6831.35009765625,19.75,0.03584999799728394,0.015
7200.0,190.8,0.15831522042057714,0.5178082191780822,2026-10-16,1.0539644282716867,SPX,2026-04-09,6831.35009765625,19.75,0.03584999799728394,0.015
7225.0,178.95,0.15627624474121143,0.5178082191780822,2026-10-16,1.0576240269809634,SPX,2026-04-09,6831.35009765625,19.75,0.03584999799728394,0.015
7250.0,167.5,0.1542598146940783,0.5178082191780822,2026-10-16,1.06128362569024,SPX,2026-04-09,6831.35009765625,19.75,0.03584999799728394,0.015
7275.0,156.45,0.15226326343102822,0.5178082191780822,2026-10-16,1.0649432243995167,SPX,2026-04-09,6831.35009765625,19.75,0.03584999799728394,0.015
7300.0,146.4,0.1506258434244849,0.5178082191780822,2026-10-16,1.0686028231087934,SPX,2026-04-09,6831.35009765625,19.75,0.03584999799728394,0.015
7325.0,135.95,0.1485495046814902,0.5178082191780822,2026-10-16,1.07226242181807,SPX,2026-04-09,6831.35009765625,19.75,0.03584999799728394,0.015
7350.0,126.85,0.14704419961119194,0.5178082191780822,2026-10-16,1.0759220205273468,SPX,2026-04-09,6831.35009765625,19.75,0.03584999799728394,0.015
7375.0,117.6,0.1452339111408674,0.5178082191780822,2026-10-16,1.0795816192366234,SPX,2026-04-09,6831.35009765625,19.75,0.03584999799728394,0.015
7400.0,109.55,0.1439346919372177,0.5178082191780822,2026-10-16,1.0832412179459001,SPX,2026-04-09,6831.35009765625,19.75,0.03584999799728394,0.015
7425.0,101.15,0.14219655979134627,0.5178082191780822,2026-10-16,1.0869008166551768,SPX,2026-04-09,6831.35009765625,19.75,0.03584999799728394,0.015
7450.0,93.6,0.14076923947790607,0.5178082191780822,2026-10-16,1.0905604153644535,SPX,2026-04-09,6831.35009765625,19.75,0.03584999799728394,0.015
7475.0,86.6,0.13947822495810738,0.5178082191780822,2026-10-16,1.0942200140737302,SPX,2026-04-09,6831.35009765625,19.75,0.03584999799728394,0.015
7500.0,79.95,0.13819813356336183,0.5178082191780822,2026-10-16,1.0978796127830068,SPX,2026-04-09,6831.35009765625,19.75,0.03584999799728394,0.015
7525.0,73.5,0.13682378113526308,0.5178082191780822,2026-10-16,1.1015392114922835,SPX,2026-04-09,6831.35009765625,19.75,0.03584999799728394,0.015
7550.0,67.8,0.13575866127026417,0.5178082191780822,2026-10-16,1.1051988102015602,SPX,2026-04-09,6831.35009765625,19.75,0.03584999799728394,0.015
7575.0,62.25,0.13457597597252902,0.5178082191780822,2026-10-16,1.1088584089108369,SPX,2026-04-09,6831.35009765625,19.75,0.03584999799728394,0.015
7600.0,57.5,0.1337898115874299,0.5178082191780822,2026-10-16,1.1125180076201135,SPX,2026-04-09,6831.35009765625,19.75,0.03584999799728394,0.015
7625.0,52.6,0.13265729276987995,0.5178082191780822,2026-10-16,1.1161776063293902,SPX,2026-04-09,6831.35009765625,19.75,0.03584999799728394,0.015
7650.0,48.35,0.13184013868869615,0.5178082191780822,2026-10-16,1.1198372050386671,SPX,2026-04-09,6831.35009765625,19.75,0.03584999799728394,0.015
7675.0,44.4,0.13106686676485582,0.5178082191780822,2026-10-16,1.1234968037479438,SPX,2026-04-09,6831.35009765625,19.75,0.03584999799728394,0.015
7700.0,40.7,0.130303176373424,0.5178082191780822,2026-10-16,1.1271564024572205,SPX,2026-04-09,6831.35009765625,19.75,0.03584999799728394,0.015
7725.0,37.2,0.12950780685787702,0.5178082191780822,2026-10-16,1.1308160011664972,SPX,2026-04-09,6831.35009765625,19.75,0.03584999799728394,0.015
7750.0,34.15,0.12894830040706654,0.5178082191780822,2026-10-16,1.1344755998757738,SPX,2026-04-09,6831.35009765625,19.75,0.03584999799728394,0.015
7775.0,31.15,0.1282272171642167,0.5178082191780822,2026-10-16,1.1381351985850505,SPX,2026-04-09,6831.35009765625,19.75,0.03584999799728394,0.015
7800.0,28.6,0.12779428698488995,0.5178082191780822,2026-10-16,1.1417947972943272,SPX,2026-04-09,6831.35009765625,19.75,0.03584999799728394,0.015
7825.0,26.15,0.12727707721608708,0.5178082191780822,2026-10-16,1.1454543960036039,SPX,2026-04-09,6831.35009765625,19.75,0.03584999799728394,0.015
7850.0,23.95,0.12686560151035078,0.5178082191780822,2026-10-16,1.1491139947128806,SPX,2026-04-09,6831.35009765625,19.75,0.03584999799728394,0.015
6850.0,443.35,0.1942896983298725,0.6136986301369863,2026-11-20,1.002730046341813,SPX,2026-04-09,6831.35009765625,19.75,0.03584999799728394,0.015
6875.0,427.0,0.19222569858938654,0.6136986301369863,2026-11-20,1.0063896450510896,SPX,2026-04-09,6831.35009765625,19.75,0.03584999799728394,0.015
6900.0,411.2,0.19032283718140025,0.6136986301369863,2026-11-20,1.0100492437603663,SPX,2026-04-09,6831.35009765625,19.75,0.03584999799728394,0.015
6925.0,395.45,0.18834017428285155,0.6136986301369863,2026-11-20,1.013708842469643,SPX,2026-04-09,6831.35009765625,19.75,0.03584999799728394,0.015
6950.0,378.9,0.18587318095735345,0.6136986301369863,2026-11-20,1.0173684411789197,SPX,2026-04-09,6831.35009765625,19.75,0.03584999799728394,0.015
6975.0,364.35,0.18424367232641098,0.6136986301369863,2026-11-20,1.0210280398881963,SPX,2026-04-09,6831.35009765625,19.75,0.03584999799728394,0.015
7000.0,349.0,0.1821237395971315,0.6136986301369863,2026-11-20,1.024687638597473,SPX,2026-04-09,6831.35009765625,19.75,0.03584999799728394,0.015
7025.0,334.15,0.18012503991167694,0.6136986301369863,2026-11-20,1.0283472373067497,SPX,2026-04-09,6831.35009765625,19.75,0.03584999799728394,0.015
7050.0,319.15,0.17793668822257716,0.6136986301369863,2026-11-20,1.0320068360160264,SPX,2026-04-09,6831.35009765625,19.75,0.03584999799728394,0.015
7075.0,305.04999999999995,0.17605264237068868,0.6136986301369863,2026-11-20,1.035666434725303,SPX,2026-04-09,6831.35009765625,19.75,0.03584999799728394,0.015
7100.0,290.5,0.17382901712898197,0.6136986301369863,2026-11-20,1.0393260334345797,SPX,2026-04-09,6831.35009765625,19.75,0.03584999799728394,0.015
7125.0,276.95000000000005,0.17195191448748753,0.6136986301369863,2026-11-20,1.0429856321438566,SPX,2026-04-09,6831.35009765625,19.75,0.03584999799728394,0.015
7150.0,262.95,0.16972574558210293,0.6136986301369863,2026-11-20,1.0466452308531333,SPX,2026-04-09,6831.35009765625,19.75,0.03584999799728394,0.015
7175.0,249.25,0.16750361422969545,0.6136986301369863,2026-11-20,1.05030482956241,SPX,2026-04-09,6831.35009765625,19.75,0.03584999799728394,0.015
7200.0,236.75,0.16571943788975638,0.6136986301369863,2026-11-20,1.0539644282716867,SPX,2026-04-09,6831.35009765625,19.75,0.03584999799728394,0.015
7225.0,224.05,0.16369267772840326,0.6136986301369863,2026-11-20,1.0576240269809634,SPX,2026-04-09,6831.35009765625,19.75,0.03584999799728394,0.015
7250.0,212.05,0.161859379979213,0.6136986301369863,2026-11-20,1.06128362569024,SPX,2026-04-09,6831.35009765625,19.75,0.03584999799728394,0.015
7275.0,200.10000000000002,0.15989667063997395,0.6136986301369863,2026-11-20,1.0649432243995167,SPX,2026-04-09,6831.35009765625,19.75,0.03584999799728394,0.015
7300.0,189.0,0.15820178293759646,0.6136986301369863,2026-11-20,1.0686028231087934,SPX,2026-04-09,6831.35009765625,19.75,0.03584999799728394,0.015
7325.0,178.2,0.15650033971940072,0.6136986301369863,2026-11-20,1.07226242181807,SPX,2026-04-09,6831.35009765625,19.75,0.03584999799728394,0.015
7350.0,166.9,0.15437269157718392,0.6136986301369863,2026-11-20,1.0759220205273468,SPX,2026-04-09,6831.35009765625,19.75,0.03584999799728394,0.015
7375.0,157.25,0.15293290947204943,0.6136986301369863,2026-11-20,1.0795816192366234,SPX,2026-04-09,6831.35009765625,19.75,0.03584999799728394,0.015
7400.0,147.45,0.15124492009831808,0.6136986301369863,2026-11-20,1.0832412179459001,SPX,2026-04-09,6831.35009765625,19.75,0.03584999799728394,0.015
7425.0,137.95,0.1495403505567749,0.6136986301369863,2026-11-20,1.0869008166551768,SPX,2026-04-09,6831.35009765625,19.75,0.03584999799728394,0.015
7450.0,129.15,0.14803944225395596,0.6136986301369863,2026-11-20,1.0905604153644535,SPX,2026-04-09,6831.35009765625,19.75,0.03584999799728394,0.015
7475.0,120.8,0.14661139123324643,0.6136986301369863,2026-11-20,1.0942200140737302,SPX,2026-04-09,6831.35009765625,19.75,0.03584999799728394,0.015
7500.0,112.65,0.1451142080812587,0.6136986301369863,2026-11-20,1.0978796127830068,SPX,2026-04-09,6831.35009765625,19.75,0.03584999799728394,0.015
7525.0,105.19999999999999,0.14384229020666614,0.6136986301369863,2026-11-20,1.1015392114922835,SPX,2026-04-09,6831.35009765625,19.75,0.03584999799728394,0.015
7550.0,97.94999999999999,0.14250558133513258,0.6136986301369863,2026-11-20,1.1051988102015602,SPX,2026-04-09,6831.35009765625,19.75,0.03584999799728394,0.015
7575.0,91.2,0.141289215750716,0.6136986301369863,2026-11-20,1.1088584089108369,SPX,2026-04-09,6831.35009765625,19.75,0.03584999799728394,0.015
7600.0,85.0,0.1402374817158625,0.6136986301369863,2026-11-20,1.1125180076201135,SPX,2026-04-09,6831.35009765625,19.75,0.03584999799728394,0.015
7625.0,79.05,0.13916584165725845,0.6136986301369863,2026-11-20,1.1161776063293902,SPX,2026-04-09,6831.35009765625,19.75,0.03584999799728394,0.015
7650.0,73.1,0.1379018125994644,0.6136986301369863,2026-11-20,1.1198372050386671,SPX,2026-04-09,6831.35009765625,19.75,0.03584999799728394,0.015
7675.0,67.7,0.13682246730981515,0.6136986301369863,2026-11-20,1.1234968037479438,SPX,2026-04-09,6831.35009765625,19.75,0.03584999799728394,0.015
7700.0,62.95,0.13602479797411307,0.6136986301369863,2026-11-20,1.1271564024572205,SPX,2026-04-09,6831.35009765625,19.75,0.03584999799728394,0.015
7725.0,58.2,0.1350435613119005,0.6136986301369863,2026-11-20,1.1308160011664972,SPX,2026-04-09,6831.35009765625,19.75,0.03584999799728394,0.015
7750.0,53.95,0.13426144888324665,0.6136986301369863,2026-11-20,1.1344755998757738,SPX,2026-04-09,6831.35009765625,19.75,0.03584999799728394,0.015
7775.0,49.9,0.13345775611850538,0.6136986301369863,2026-11-20,1.1381351985850505,SPX,2026-04-09,6831.35009765625,19.75,0.03584999799728394,0.015
7800.0,46.349999999999994,0.1328945164006942,0.6136986301369863,2026-11-20,1.1417947972943272,SPX,2026-04-09,6831.35009765625,19.75,0.03584999799728394,0.015
7825.0,42.650000000000006,0.13202170517377967,0.6136986301369863,2026-11-20,1.1454543960036039,SPX,2026-04-09,6831.35009765625,19.75,0.03584999799728394,0.015
7850.0,39.6,0.13155732406439874,0.6136986301369863,2026-11-20,1.1491139947128806,SPX,2026-04-09,6831.35009765625,19.75,0.03584999799728394,0.015
6850.0,478.8,0.1970064147073373,0.6904109589041096,2026-12-18,1.002730046341813,SPX,2026-04-09,6831.35009765625,19.75,0.03584999799728394,0.015
6875.0,462.55,0.1950862953930783,0.6904109589041096,2026-12-18,1.0063896450510896,SPX,2026-04-09,6831.35009765625,19.75,0.03584999799728394,0.015
6900.0,446.79999999999995,0.19330395371937317,0.6904109589041096,2026-12-18,1.0100492437603663,SPX,2026-04-09,6831.35009765625,19.75,0.03584999799728394,0.015
6925.0,430.65,0.19125286113595788,0.6904109589041096,2026-12-18,1.013708842469643,SPX,2026-04-09,6831.35009765625,19.75,0.03584999799728394,0.015
6950.0,414.85,0.1892681141070825,0.6904109589041096,2026-12-18,1.0173684411789197,SPX,2026-04-09,6831.35009765625,19.75,0.03584999799728394,0.015
6975.0,399.54999999999995,0.18741311036945607,0.6904109589041096,2026-12-18,1.0210280398881963,SPX,2026-04-09,6831.35009765625,19.75,0.03584999799728394,0.015
7000.0,384.35,0.18550670944063466,0.6904109589041096,2026-12-18,1.024687638597473,SPX,2026-04-09,6831.35009765625,19.75,0.03584999799728394,0.015
7025.0,369.35,0.18359107583748735,0.6904109589041096,2026-12-18,1.0283472373067497,SPX,2026-04-09,6831.35009765625,19.75,0.03584999799728394,0.015
7050.0,353.45,0.18117242198075761,0.6904109589041096,2026-12-18,1.0320068360160264,SPX,2026-04-09,6831.35009765625,19.75,0.03584999799728394,0.015
7075.0,339.6,0.17956507671288266,0.6904109589041096,2026-12-18,1.035666434725303,SPX,2026-04-09,6831.35009765625,19.75,0.03584999799728394,0.015
7100.0,324.95000000000005,0.1774933499268554,0.6904109589041096,2026-12-18,1.0393260334345797,SPX,2026-04-09,6831.35009765625,19.75,0.03584999799728394,0.015
7125.0,311.2,0.17571502934865826,0.6904109589041096,2026-12-18,1.0429856321438566,SPX,2026-04-09,6831.35009765625,19.75,0.03584999799728394,0.015
7150.0,297.5,0.1738468497573837,0.6904109589041096,2026-12-18,1.0466452308531333,SPX,2026-04-09,6831.35009765625,19.75,0.03584999799728394,0.015
7175.0,283.85,0.17188511438107196,0.6904109589041096,2026-12-18,1.05030482956241,SPX,2026-04-09,6831.35009765625,19.75,0.03584999799728394,0.015
7200.0,270.4,0.1698938574644244,0.6904109589041096,2026-12-18,1.0539644282716867,SPX,2026-04-09,6831.35009765625,19.75,0.03584999799728394,0.015
7225.0,257.85,0.16819007156419655,0.6904109589041096,2026-12-18,1.0576240269809634,SPX,2026-04-09,6831.35009765625,19.75,0.03584999799728394,0.015
7250.0,244.6,0.16603875682187086,0.6904109589041096,2026-12-18,1.06128362569024,SPX,2026-04-09,6831.35009765625,19.75,0.03584999799728394,0.015
7275.0,232.75,0.16440310162913013,0.6904109589041096,2026-12-18,1.0649432243995167,SPX,2026-04-09,6831.35009765625,19.75,0.03584999799728394,0.015
7300.0,221.0,0.16268357233208014,0.6904109589041096,2026-12-18,1.0686028231087934,SPX,2026-04-09,6831.35009765625,19.75,0.03584999799728394,0.015
7325.0,209.45,0.16092283078864106,0.6904109589041096,2026-12-18,1.07226242181807,SPX,2026-04-09,6831.35009765625,19.75,0.03584999799728394,0.015
7350.0,198.0,0.1590691435851265,0.6904109589041096,2026-12-18,1.0759220205273468,SPX,2026-04-09,6831.35009765625,19.75,0.03584999799728394,0.015
7375.0,187.35,0.15745637920779396,0.6904109589041096,2026-12-18,1.0795816192366234,SPX,2026-04-09,6831.35009765625,19.75,0.03584999799728394,0.015
7400.0,176.85,0.15577177667413225,0.6904109589041096,2026-12-18,1.0832412179459001,SPX,2026-04-09,6831.35009765625,19.75,0.03584999799728394,0.015
7425.0,166.89999999999998,0.15420997682383816,0.6904109589041096,2026-12-18,1.0869008166551768,SPX,2026-04-09,6831.35009765625,19.75,0.03584999799728394,0.015
7450.0,157.25,0.1526480448578947,0.6904109589041096,2026-12-18,1.0905604153644535,SPX,2026-04-09,6831.35009765625,19.75,0.03584999799728394,0.015
7475.0,148.15,0.15121335940451094,0.6904109589041096,2026-12-18,1.0942200140737302,SPX,2026-04-09,6831.35009765625,19.75,0.03584999799728394,0.015
7500.0,139.2,0.14970173593514763,0.6904109589041096,2026-12-18,1.0978796127830068,SPX,2026-04-09,6831.35009765625,19.75,0.03584999799728394,0.015
7525.0,130.8,0.14832172738798427,0.6904109589041096,2026-12-18,1.1015392114922835,SPX,2026-04-09,6831.35009765625,19.75,0.03584999799728394,0.015
7550.0,122.95,0.1470809585217497,0.6904109589041096,2026-12-18,1.1051988102015602,SPX,2026-04-09,6831.35009765625,19.75,0.03584999799728394,0.015
7575.0,115.19999999999999,0.1457364614243401,0.6904109589041096,2026-12-18,1.1088584089108369,SPX,2026-04-09,6831.35009765625,19.75,0.03584999799728394,0.015
7600.0,107.9,0.14448209880685906,0.6904109589041096,2026-12-18,1.1125180076201135,SPX,2026-04-09,6831.35009765625,19.75,0.03584999799728394,0.015
7625.0,101.15,0.14338323412723877,0.6904109589041096,2026-12-18,1.1161776063293902,SPX,2026-04-09,6831.35009765625,19.75,0.03584999799728394,0.015
7650.0,94.5,0.1421816286482649,0.6904109589041096,2026-12-18,1.1198372050386671,SPX,2026-04-09,6831.35009765625,19.75,0.03584999799728394,0.015
7675.0,88.30000000000001,0.1410871253100678,0.6904109589041096,2026-12-18,1.1234968037479438,SPX,2026-04-09,6831.35009765625,19.75,0.03584999799728394,0.015
7700.0,82.6,0.14014216310395855,0.6904109589041096,2026-12-18,1.1271564024572205,SPX,2026-04-09,6831.35009765625,19.75,0.03584999799728394,0.015
7725.0,76.95,0.13906661263009878,0.6904109589041096,2026-12-18,1.1308160011664972,SPX,2026-04-09,6831.35009765625,19.75,0.03584999799728394,0.015
7750.0,71.75,0.13812161964931763,0.6904109589041096,2026-12-18,1.1344755998757738,SPX,2026-04-09,6831.35009765625,19.75,0.03584999799728394,0.015
7775.0,66.85,0.13721823832161129,0.6904109589041096,2026-12-18,1.1381351985850505,SPX,2026-04-09,6831.35009765625,19.75,0.03584999799728394,0.015
7800.0,62.2,0.13632683372214696,0.6904109589041096,2026-12-18,1.1417947972943272,SPX,2026-04-09,6831.35009765625,19.75,0.03584999799728394,0.015
7825.0,57.95,0.13556510944649175,0.6904109589041096,2026-12-18,1.1454543960036039,SPX,2026-04-09,6831.35009765625,19.75,0.03584999799728394,0.015
7850.0,53.9,0.13479522640239444,0.6904109589041096,2026-12-18,1.1491139947128806,SPX,2026-04-09,6831.35009765625,19.75,0.03584999799728394,0.015
6835.0,504.0,0.1990410328141574,0.726027397260274,2026-12-31,1.000534287116247,SPX,2026-04-09,6831.35009765625,19.75,0.03584999799728394,0.015
6840.0,501.79999999999995,0.19914438158460476,0.726027397260274,2026-12-31,1.0012662068581022,SPX,2026-04-09,6831.35009765625,19.75,0.03584999799728394,0.015
6845.0,498.75,0.19886893806608505,0.726027397260274,2026-12-31,1.0019981265999576,SPX,2026-04-09,6831.35009765625,19.75,0.03584999799728394,0.015
6850.0,495.0,0.1982816185713252,0.726027397260274,2026-12-31,1.002730046341813,SPX,2026-04-09,6831.35009765625,19.75,0.03584999799728394,0.015
6855.0,491.04999999999995,0.19760330212286545,0.726027397260274,2026-12-31,1.0034619660836683,SPX,2026-04-09,6831.35009765625,19.75,0.03584999799728394,0.015
6860.0,488.95000000000005,0.19773659625484455,0.726027397260274,2026-12-31,1.0041938858255237,SPX,2026-04-09,6831.35009765625,19.75,0.03584999799728394,0.015
6865.0,485.65,0.19733808907570657,0.726027397260274,2026-12-31,1.0049258055673789,SPX,2026-04-09,6831.35009765625,19.75,0.03584999799728394,0.015
6870.0,481.65,0.19662861920073132,0.726027397260274,2026-12-31,1.0056577253092343,SPX,2026-04-09,6831.35009765625,19.75,0.03584999799728394,0.015
6875.0,479.15,0.19657540920673222,0.726027397260274,2026-12-31,1.0063896450510896,SPX,2026-04-09,6831.35009765625,19.75,0.03584999799728394,0.015
6880.0,474.9,0.19575006560845146,0.726027397260274,2026-12-31,1.007121564792945,SPX,2026-04-09,6831.35009765625,19.75,0.03584999799728394,0.015
6885.0,471.6,0.19533890611224286,0.726027397260274,2026-12-31,1.0078534845348004,SPX,2026-04-09,6831.35009765625,19.75,0.03584999799728394,0.015
6890.0,469.45000000000005,0.19542892787249067,0.726027397260274,2026-12-31,1.0085854042766556,SPX,2026-04-09,6831.35009765625,19.75,0.03584999799728394,0.015
6895.0,465.15,0.19457256452493776,0.726027397260274,2026-12-31,1.009317324018511,SPX,2026-04-09,6831.35009765625,19.75,0.03584999799728394,0.015
6900.0,462.04999999999995,0.19423919441445212,0.726027397260274,2026-12-31,1.0100492437603663,SPX,2026-04-09,6831.35009765625,19.75,0.03584999799728394,0.015
6905.0,459.65,0.19420900977724131,0.726027397260274,2026-12-31,1.0107811635022217,SPX,2026-04-09,6831.35009765625,19.75,0.03584999799728394,0.015
6910.0,577.25,0.2467561388262207,0.726027397260274,2026-12-31,1.011513083244077,SPX,2026-04-09,6831.35009765625,19.75,0.03584999799728394,0.015
6915.0,452.45000000000005,0.1930874613375761,0.726027397260274,2026-12-31,1.0122450029859325,SPX,2026-04-09,6831.35009765625,19.75,0.03584999799728394,0.015
6920.0,449.20000000000005,0.19267493793791668,0.726027397260274,2026-12-31,1.0129769227277876,SPX,2026-04-09,6831.35009765625,19.75,0.03584999799728394,0.015
6925.0,446.20000000000005,0.19236832816737678,0.726027397260274,2026-12-31,1.013708842469643,SPX,2026-04-09,6831.35009765625,19.75,0.03584999799728394,0.015
6930.0,443.9,0.1923643238917723,0.726027397260274,2026-12-31,1.0144407622114984,SPX,2026-04-09,6831.35009765625,19.75,0.03584999799728394,0.015
6940.0,437.65,0.1916239697451299,0.726027397260274,2026-12-31,1.0159046016952091,SPX,2026-04-09,6831.35009765625,19.75,0.03584999799728394,0.015
6945.0,433.85,0.19095419381235743,0.726027397260274,2026-12-31,1.0166365214370643,SPX,2026-04-09,6831.35009765625,19.75,0.03584999799728394,0.015
6950.0,430.35,0.19041193924133953,0.726027397260274,2026-12-31,1.0173684411789197,SPX,2026-04-09,6831.35009765625,19.75,0.03584999799728394,0.015
6955.0,427.25,0.19004077214025408,0.726027397260274,2026-12-31,1.018100360920775,SPX,2026-04-09,6831.35009765625,19.75,0.03584999799728394,0.015
6960.0,425.2,0.1901239903595075,0.726027397260274,2026-12-31,1.0188322806626304,SPX,2026-04-09,6831.35009765625,19.75,0.03584999799728394,0.015
6965.0,421.04999999999995,0.18928783129211443,0.726027397260274,2026-12-31,1.0195642004044858,SPX,2026-04-09,6831.35009765625,19.75,0.03584999799728394,0.015
6970.0,417.95000000000005,0.1889060263809811,0.726027397260274,2026-12-31,1.020296120146341,SPX,2026-04-09,6831.35009765625,19.75,0.03584999799728394,0.015
6975.0,414.79999999999995,0.1884988540848428,0.726027397260274,2026-12-31,1.0210280398881963,SPX,2026-04-09,6831.35009765625,19.75,0.03584999799728394,0.015
6980.0,412.5,0.18845844344152116,0.726027397260274,2026-12-31,1.0217599596300517,SPX,2026-04-09,6831.35009765625,19.75,0.03584999799728394,0.015
6985.0,408.79999999999995,0.1878044196522241,0.726027397260274,2026-12-31,1.022491879371907,SPX,2026-04-09,6831.35009765625,19.75,0.03584999799728394,0.015
6990.0,405.65,0.18738641169124498,0.726027397260274,2026-12-31,1.0232237991137625,SPX,2026-04-09,6831.35009765625,19.75,0.03584999799728394,0.015
6995.0,402.65,0.18703008697089243,0.726027397260274,2026-12-31,1.0239557188556176,SPX,2026-04-09,6831.35009765625,19.75,0.03584999799728394,0.015
7000.0,400.15,0.18688780987560089,0.726027397260274,2026-12-31,1.024687638597473,SPX,2026-04-09,6831.35009765625,19.75,0.03584999799728394,0.015
7005.0,396.4,0.18619753955977975,0.726027397260274,2026-12-31,1.0254195583393284,SPX,2026-04-09,6831.35009765625,19.75,0.03584999799728394,0.015
7010.0,394.45000000000005,0.1862872901486619,0.726027397260274,2026-12-31,1.0261514780811838,SPX,2026-04-09,6831.35009765625,19.75,0.03584999799728394,0.015
7015.0,390.4,0.18545901448794458,0.726027397260274,2026-12-31,1.0268833978230392,SPX,2026-04-09,6831.35009765625,19.75,0.03584999799728394,0.015
7020.0,387.29999999999995,0.18504060285129317,0.726027397260274,2026-12-31,1.0276153175648945,SPX,2026-04-09,6831.35009765625,19.75,0.03584999799728394,0.015
7025.0,385.35,0.18511907508482311,0.726027397260274,2026-12-31,1.0283472373067497,SPX,2026-04-09,6831.35009765625,19.75,0.03584999799728394,0.015
7030.0,381.45000000000005,0.18434482919315354,0.726027397260274,2026-12-31,1.029079157048605,SPX,2026-04-09,6831.35009765625,19.75,0.03584999799728394,0.015
7035.0,378.4,0.18393682167881792,0.726027397260274,2026-12-31,1.0298110767904605,SPX,2026-04-09,6831.35009765625,19.75,0.03584999799728394,0.015
7040.0,375.5,0.18359029529006074,0.726027397260274,2026-12-31,1.0305429965323158,SPX,2026-04-09,6831.35009765625,19.75,0.03584999799728394,0.015
7045.0,373.04999999999995,0.18343588225224408,0.726027397260274,2026-12-31,1.0312749162741712,SPX,2026-04-09,6831.35009765625,19.75,0.03584999799728394,0.015
7050.0,370.5,0.18323410493108058,0.726027397260274,2026-12-31,1.0320068360160264,SPX,2026-04-09,6831.35009765625,19.75,0.03584999799728394,0.015
7055.0,366.54999999999995,0.1824186999777893,0.726027397260274,2026-12-31,1.0327387557578818,SPX,2026-04-09,6831.35009765625,19.75,0.03584999799728394,0.015
7060.0,363.6,0.18203489232275746,0.726027397260274,2026-12-31,1.0334706754997371,SPX,2026-04-09,6831.35009765625,19.75,0.03584999799728394,0.015
7065.0,361.65,0.18208288252862972,0.726027397260274,2026-12-31,1.0342025952415925,SPX,2026-04-09,6831.35009765625,19.75,0.03584999799728394,0.015
7070.0,358.4,0.18156053833968042,0.726027397260274,2026-12-31,1.034934514983448,SPX,2026-04-09,6831.35009765625,19.75,0.03584999799728394,0.015
7075.0,355.75,0.1812957206449233,0.726027397260274,2026-12-31,1.035666434725303,SPX,2026-04-09,6831.35009765625,19.75,0.03584999799728394,0.015
7080.0,352.85,0.1809179670376142,0.726027397260274,2026-12-31,1.0363983544671584,SPX,2026-04-09,6831.35009765625,19.75,0.03584999799728394,0.015
7085.0,348.9,0.18007821651229683,0.726027397260274,2026-12-31,1.0371302742090138,SPX,2026-04-09,6831.35009765625,19.75,0.03584999799728394,0.015
7090.0,347.04999999999995,0.18015042515191537,0.726027397260274,2026-12-31,1.0378621939508692,SPX,2026-04-09,6831.35009765625,19.75,0.03584999799728394,0.015
7095.0,343.2,0.17934593184755682,0.726027397260274,2026-12-31,1.0385941136927246,SPX,2026-04-09,6831.35009765625,19.75,0.03584999799728394,0.015
7100.0,341.20000000000005,0.17934484094505102,0.726027397260274,2026-12-31,1.0393260334345797,SPX,2026-04-09,6831.35009765625,19.75,0.03584999799728394,0.015
7105.0,338.45000000000005,0.1790123348432178,0.726027397260274,2026-12-31,1.0400579531764351,SPX,2026-04-09,6831.35009765625,19.75,0.03584999799728394,0.015
7110.0,335.0,0.17836984746016663,0.726027397260274,2026-12-31,1.0407898729182905,SPX,2026-04-09,6831.35009765625,19.75,0.03584999799728394,0.015
7115.0,332.5,0.1781383315935925,0.726027397260274,2026-12-31,1.0415217926601459,SPX,2026-04-09,6831.35009765625,19.75,0.03584999799728394,0.015
7120.0,328.9,0.1774216171832906,0.726027397260274,2026-12-31,1.0422537124020013,SPX,2026-04-09,6831.35009765625,19.75,0.03584999799728394,0.015
7125.0,327.04999999999995,0.17746627202420062,0.726027397260274,2026-12-31,1.0429856321438566,SPX,2026-04-09,6831.35009765625,19.75,0.03584999799728394,0.015
7130.0,323.95000000000005,0.17695980153675256,0.726027397260274,2026-12-31,1.0437175518857118,SPX,2026-04-09,6831.35009765625,19.75,0.03584999799728394,0.015
7135.0,320.5,0.1762955949350119,0.726027397260274,2026-12-31,1.0444494716275672,SPX,2026-04-09,6831.35009765625,19.75,0.03584999799728394,0.015
7140.0,228.6,0.1366588225115686,0.726027397260274,2026-12-31,1.0451813913694226,SPX,2026-04-09,6831.35009765625,19.75,0.03584999799728394,0.015
7145.0,314.9,0.17552362885728465,0.726027397260274,2026-12-31,1.045913311111278,SPX,2026-04-09,6831.35009765625,19.75,0.03584999799728394,0.015
7150.0,313.1,0.1755701637497814,0.726027397260274,2026-12-31,1.0466452308531333,SPX,2026-04-09,6831.35009765625,19.75,0.03584999799728394,0.015
7155.0,309.45000000000005,0.17480025642099306,0.726027397260274,2026-12-31,1.0473771505949885,SPX,2026-04-09,6831.35009765625,19.75,0.03584999799728394,0.015
7160.0,306.6,0.17437712042429176,0.726027397260274,2026-12-31,1.0481090703368439,SPX,2026-04-09,6831.35009765625,19.75,0.03584999799728394,0.015
7165.0,304.85,0.1744334794489395,0.726027397260274,2026-12-31,1.0488409900786992,SPX,2026-04-09,6831.35009765625,19.75,0.03584999799728394,0.015
7175.0,299.1,0.17354355437343208,0.726027397260274,2026-12-31,1.05030482956241,SPX,2026-04-09,6831.35009765625,19.75,0.03584999799728394,0.015
7180.0,296.25,0.17310278446041788,0.726027397260274,2026-12-31,1.0510367493042652,SPX,2026-04-09,6831.35009765625,19.75,0.03584999799728394,0.015
7185.0,293.1,0.17252499252307166,0.726027397260274,2026-12-31,1.0517686690461205,SPX,2026-04-09,6831.35009765625,19.75,0.03584999799728394,0.015
7190.0,290.4,0.17214115810075148,0.726027397260274,2026-12-31,1.052500588787976,SPX,2026-04-09,6831.35009765625,19.75,0.03584999799728394,0.015
7195.0,287.9,0.1718412307006181,0.726027397260274,2026-12-31,1.0532325085298313,SPX,2026-04-09,6831.35009765625,19.75,0.03584999799728394,0.015
7200.0,285.1,0.17140408083679085,0.726027397260274,2026-12-31,1.0539644282716867,SPX,2026-04-09,6831.35009765625,19.75,0.03584999799728394,0.015
7205.0,282.9,0.17122811530556187,0.726027397260274,2026-12-31,1.0546963480135418,SPX,2026-04-09,6831.35009765625,19.75,0.03584999799728394,0.015
7210.0,280.0,0.17073742955286514,0.726027397260274,2026-12-31,1.0554282677553972,SPX,2026-04-09,6831.35009765625,19.75,0.03584999799728394,0.015
7215.0,278.2,0.17073034601402565,0.726027397260274,2026-12-31,1.0561601874972526,SPX,2026-04-09,6831.35009765625,19.75,0.03584999799728394,0.015
7220.0,275.5,0.17031931930225183,0.726027397260274,2026-12-31,1.056892107239108,SPX,2026-04-09,6831.35009765625,19.75,0.03584999799728394,0.015
7225.0,272.9,0.16994804094044685,0.726027397260274,2026-12-31,1.0576240269809634,SPX,2026-04-09,6831.35009765625,19.75,0.03584999799728394,0.015
7230.0,270.1,0.1694829523059847,0.726027397260274,2026-12-31,1.0583559467228187,SPX,2026-04-09,6831.35009765625,19.75,0.03584999799728394,0.015
7235.0,267.0,0.16887905741596207,0.726027397260274,2026-12-31,1.059087866464674,SPX,2026-04-09,6831.35009765625,19.75,0.03584999799728394,0.015
7240.0,265.25,0.1688728957132986,0.726027397260274,2026-12-31,1.0598197862065293,SPX,2026-04-09,6831.35009765625,19.75,0.03584999799728394,0.015
7250.0,259.85,0.167998076545433,0.726027397260274,2026-12-31,1.06128362569024,SPX,2026-04-09,6831.35009765625,19.75,0.03584999799728394,0.015
7255.0,257.3,0.1676204344356758,0.726027397260274,2026-12-31,1.0620155454320954,SPX,2026-04-09,6831.35009765625,19.75,0.03584999799728394,0.015
7260.0,254.85,0.16728282484029466,0.726027397260274,2026-12-31,1.0627474651739506,SPX,2026-04-09,6831.35009765625,19.75,0.03584999799728394,0.015
7265.0,251.9,0.166715531427344,0.726027397260274,2026-12-31,1.063479384915806,SPX,2026-04-09,6831.35009765625,19.75,0.03584999799728394,0.015
7270.0,281.5,0.18074557618551415,0.726027397260274,2026-12-31,1.0642113046576613,SPX,2026-04-09,6831.35009765625,19.75,0.03584999799728394,0.015
7280.0,244.5,0.16563555876875008,0.726027397260274,2026-12-31,1.065675144141372,SPX,2026-04-09,6831.35009765625,19.75,0.03584999799728394,0.015
7285.0,168.7,0.13157162203520184,0.726027397260274,2026-12-31,1.0664070638832273,SPX,2026-04-09,6831.35009765625,19.75,0.03584999799728394,0.015
7290.0,240.3,0.16522309670007246,0.726027397260274,2026-12-31,1.0671389836250826,SPX,2026-04-09,6831.35009765625,19.75,0.03584999799728394,0.015
7295.0,237.3,0.16460147874989475,0.726027397260274,2026-12-31,1.067870903366938,SPX,2026-04-09,6831.35009765625,19.75,0.03584999799728394,0.015
7300.0,235.3,0.16442871936914885,0.726027397260274,2026-12-31,1.0686028231087934,SPX,2026-04-09,6831.35009765625,19.75,0.03584999799728394,0.015
7305.0,233.1,0.16416039690841194,0.726027397260274,2026-12-31,1.0693347428506488,SPX,2026-04-09,6831.35009765625,19.75,0.03584999799728394,0.015
7310.0,230.2,0.16356782200707806,0.726027397260274,2026-12-31,1.070066662592504,SPX,2026-04-09,6831.35009765625,19.75,0.03584999799728394,0.015
7315.0,259.9,0.17779163765710818,0.726027397260274,2026-12-31,1.0707985823343593,SPX,2026-04-09,6831.35009765625,19.75,0.03584999799728394,0.015
7320.0,225.55,0.1628914349929266,0.726027397260274,2026-12-31,1.0715305020762147,SPX,2026-04-09,6831.35009765625,19.75,0.03584999799728394,0.015
7325.0,223.2,0.16253409543326555,0.726027397260274,2026-12-31,1.07226242181807,SPX,2026-04-09,6831.35009765625,19.75,0.03584999799728394,0.015
7330.0,221.4,0.16242444525499847,0.726027397260274,2026-12-31,1.0729943415599255,SPX,2026-04-09,6831.35009765625,19.75,0.03584999799728394,0.015
7335.0,218.6,0.16184977871696488,0.726027397260274,2026-12-31,1.0737262613017808,SPX,2026-04-09,6831.35009765625,19.75,0.03584999799728394,0.015
7340.0,216.85,0.16175372115442632,0.726027397260274,2026-12-31,1.074458181043636,SPX,2026-04-09,6831.35009765625,19.75,0.03584999799728394,0.015
7345.0,214.05,0.16116767063942433,0.726027397260274,2026-12-31,1.0751901007854914,SPX,2026-04-09,6831.35009765625,19.75,0.03584999799728394,0.015
7350.0,212.25,0.16103893195361207,0.726027397260274,2026-12-31,1.0759220205273468,SPX,2026-04-09,6831.35009765625,19.75,0.03584999799728394,0.015
7355.0,314.04999999999995,0.20806602979838162,0.726027397260274,2026-12-31,1.0766539402692021,SPX,2026-04-09,6831.35009765625,19.75,0.03584999799728394,0.015
7360.0,207.95,0.1604423230412026,0.726027397260274,2026-12-31,1.0773858600110575,SPX,2026-04-09,6831.35009765625,19.75,0.03584999799728394,0.015
7365.0,205.8,0.16013626332045983,0.726027397260274,2026-12-31,1.0781177797529127,SPX,2026-04-09,6831.35009765625,19.75,0.03584999799728394,0.015
7370.0,203.4,0.15970808223092567,0.726027397260274,2026-12-31,1.078849699494768,SPX,2026-04-09,6831.35009765625,19.75,0.03584999799728394,0.015
7375.0,200.7,0.1591334104265478,0.726027397260274,2026-12-31,1.0795816192366234,SPX,2026-04-09,6831.35009765625,19.75,0.03584999799728394,0.015
7380.0,198.55,0.1588106383766686,0.726027397260274,2026-12-31,1.0803135389784788,SPX,2026-04-09,6831.35009765625,19.75,0.03584999799728394,0.015
7385.0,196.4,0.1584824469229315,0.726027397260274,2026-12-31,1.0810454587203342,SPX,2026-04-09,6831.35009765625,19.75,0.03584999799728394,0.015
7390.0,132.05,0.12801156607910824,0.726027397260274,2026-12-31,1.0817773784621894,SPX,2026-04-09,6831.35009765625,19.75,0.03584999799728394,0.015
7395.0,192.8,0.15814142660094957,0.726027397260274,2026-12-31,1.0825092982040447,SPX,2026-04-09,6831.35009765625,19.75,0.03584999799728394,0.015
7400.0,190.25,0.15760766353588265,0.726027397260274,2026-12-31,1.0832412179459001,SPX,2026-04-09,6831.35009765625,19.75,0.03584999799728394,0.015
7405.0,188.35000000000002,0.15737671686917998,0.726027397260274,2026-12-31,1.0839731376877555,SPX,2026-04-09,6831.35009765625,19.75,0.03584999799728394,0.015
7410.0,186.45,0.15714070807066785,0.726027397260274,2026-12-31,1.0847050574296109,SPX,2026-04-09,6831.35009765625,19.75,0.03584999799728394,0.015
7415.0,183.75,0.156516946770963,0.726027397260274,2026-12-31,1.085436977171466,SPX,2026-04-09,6831.35009765625,19.75,0.03584999799728394,0.015
7420.0,281.95,0.20291849884988578,0.726027397260274,2026-12-31,1.0861688969133214,SPX,2026-04-09,6831.35009765625,19.75,0.03584999799728394,0.015
7425.0,179.7,0.15589695410060334,0.726027397260274,2026-12-31,1.0869008166551768,SPX,2026-04-09,6831.35009765625,19.75,0.03584999799728394,0.015
7430.0,178.1,0.15578358268723352,0.726027397260274,2026-12-31,1.0876327363970322,SPX,2026-04-09,6831.35009765625,19.75,0.03584999799728394,0.015
7435.0,176.3,0.15556895041915236,0.726027397260274,2026-12-31,1.0883646561388876,SPX,2026-04-09,6831.35009765625,19.75,0.03584999799728394,0.015
7440.0,173.64999999999998,0.15493692147688734,0.726027397260274,2026-12-31,1.089096575880743,SPX,2026-04-09,6831.35009765625,19.75,0.03584999799728394,0.015
7445.0,172.14999999999998,0.15485686086967865,0.726027397260274,2026-12-31,1.089828495622598,SPX,2026-04-09,6831.35009765625,19.75,0.03584999799728394,0.015
7450.0,170.35000000000002,0.15462604542853933,0.726027397260274,2026-12-31,1.0905604153644535,SPX,2026-04-09,6831.35009765625,19.75,0.03584999799728394,0.015
7455.0,168.25,0.1542431786500392,0.726027397260274,2026-12-31,1.0912923351063089,SPX,2026-04-09,6831.35009765625,19.75,0.03584999799728394,0.015
7465.0,164.35000000000002,0.1536064958710374,0.726027397260274,2026-12-31,1.0927561745900196,SPX,2026-04-09,6831.35009765625,19.75,0.03584999799728394,0.015
7470.0,162.1,0.15313111424836123,0.726027397260274,2026-12-31,1.0934880943318748,SPX,2026-04-09,6831.35009765625,19.75,0.03584999799728394,0.015
7475.0,160.7,0.15307018181273,0.726027397260274,2026-12-31,1.0942200140737302,SPX,2026-04-09,6831.35009765625,19.75,0.03584999799728394,0.015
7480.0,158.45,0.15258227716266598,0.726027397260274,2026-12-31,1.0949519338155855,SPX,2026-04-09,6831.35009765625,19.75,0.03584999799728394,0.015
7490.0,155.25,0.15223592990210325,0.726027397260274,2026-12-31,1.0964157732992963,SPX,2026-04-09,6831.35009765625,19.75,0.03584999799728394,0.015
7500.0,151.4,0.15154174589867891,0.726027397260274,2026-12-31,1.0978796127830068,SPX,2026-04-09,6831.35009765625,19.75,0.03584999799728394,0.015
7510.0,148.14999999999998,0.15112683443320832,0.726027397260274,2026-12-31,1.0993434522667176,SPX,2026-04-09,6831.35009765625,19.75,0.03584999799728394,0.015
7520.0,95.5,0.12438562589150587,0.726027397260274,2026-12-31,1.1008072917504281,SPX,2026-04-09,6831.35009765625,19.75,0.03584999799728394,0.015
7530.0,141.2,0.15000088284565474,0.726027397260274,2026-12-31,1.102271131234139,SPX,2026-04-09,6831.35009765625,19.75,0.03584999799728394,0.015
7540.0,137.55,0.14931095385429782,0.726027397260274,2026-12-31,1.1037349707178497,SPX,2026-04-09,6831.35009765625,19.75,0.03584999799728394,0.015
7550.0,134.4,0.14885631116343223,0.726027397260274,2026-12-31,1.1051988102015602,SPX,2026-04-09,6831.35009765625,19.75,0.03584999799728394,0.015
7560.0,86.15,0.12348109402802274,0.726027397260274,2026-12-31,1.106662649685271,SPX,2026-04-09,6831.35009765625,19.75,0.03584999799728394,0.015
7570.0,128.0,0.1478249928897707,0.726027397260274,2026-12-31,1.1081264891689817,SPX,2026-04-09,6831.35009765625,19.75,0.03584999799728394,0.015
7580.0,124.9,0.14732669860968492,0.726027397260274,2026-12-31,1.1095903286526922,SPX,2026-04-09,6831.35009765625,19.75,0.03584999799728394,0.015
7590.0,121.7,0.14675024483016771,0.726027397260274,2026-12-31,1.111054168136403,SPX,2026-04-09,6831.35009765625,19.75,0.03584999799728394,0.015
7600.0,118.8,0.14631175295314958,0.726027397260274,2026-12-31,1.1125180076201135,SPX,2026-04-09,6831.35009765625,19.75,0.03584999799728394,0.015
7610.0,115.5,0.14562954455997354,0.726027397260274,2026-12-31,1.1139818471038243,SPX,2026-04-09,6831.35009765625,19.75,0.03584999799728394,0.015
7620.0,113.15,0.14544746629892932,0.726027397260274,2026-12-31,1.115445686587535,SPX,2026-04-09,6831.35009765625,19.75,0.03584999799728394,0.015
7630.0,110.0,0.1447974818192468,0.726027397260274,2026-12-31,1.1169095260712456,SPX,2026-04-09,6831.35009765625,19.75,0.03584999799728394,0.015
7640.0,107.5,0.14448747207513338,0.726027397260274,2026-12-31,1.1183733655549564,SPX,2026-04-09,6831.35009765625,19.75,0.03584999799728394,0.015
7650.0,104.65,0.14395577462641826,0.726027397260274,2026-12-31,1.1198372050386671,SPX,2026-04-09,6831.35009765625,19.75,0.03584999799728394,0.015
7660.0,65.55,0.12117204727906354,0.726027397260274,2026-12-31,1.1213010445223777,SPX,2026-04-09,6831.35009765625,19.75,0.03584999799728394,0.015
7670.0,99.4,0.14307547047217817,0.726027397260274,2026-12-31,1.1227648840060884,SPX,2026-04-09,6831.35009765625,19.75,0.03584999799728394,0.015
7680.0,96.8,0.1426129121980076,0.726027397260274,2026-12-31,1.124228723489799,SPX,2026-04-09,6831.35009765625,19.75,0.03584999799728394,0.015
7690.0,60.55,0.12076823227058046,0.726027397260274,2026-12-31,1.1256925629735097,SPX,2026-04-09,6831.35009765625,19.75,0.03584999799728394,0.015
7700.0,92.05,0.14188175318472465,0.726027397260274,2026-12-31,1.1271564024572205,SPX,2026-04-09,6831.35009765625,19.75,0.03584999799728394,0.015
7710.0,89.5,0.14137423112614841,0.726027397260274,2026-12-31,1.128620241940931,SPX,2026-04-09,6831.35009765625,19.75,0.03584999799728394,0.015
7720.0,87.0,0.1408700558937055,0.726027397260274,2026-12-31,1.1300840814246418,SPX,2026-04-09,6831.35009765625,19.75,0.03584999799728394,0.015
7730.0,84.85,0.14055717714397398,0.726027397260274,2026-12-31,1.1315479209083523,SPX,2026-04-09,6831.35009765625,19.75,0.03584999799728394,0.015
7740.0,52.45,0.1197839833810833,0.726027397260274,2026-12-31,1.133011760392063,SPX,2026-04-09,6831.35009765625,19.75,0.03584999799728394,0.015
7750.0,80.4,0.13976600891548457,0.726027397260274,2026-12-31,1.1344755998757738,SPX,2026-04-09,6831.35009765625,19.75,0.03584999799728394,0.015
7760.0,78.2,0.1393487384231223,0.726027397260274,2026-12-31,1.1359394393594844,SPX,2026-04-09,6831.35009765625,19.75,0.03584999799728394,0.015
7770.0,76.2,0.1390361405836445,0.726027397260274,2026-12-31,1.1374032788431951,SPX,2026-04-09,6831.35009765625,19.75,0.03584999799728394,0.015
7780.0,73.95,0.13853481476384052,0.726027397260274,2026-12-31,1.138867118326906,SPX,2026-04-09,6831.35009765625,19.75,0.03584999799728394,0.015
7790.0,72.2,0.1383401576688707,0.726027397260274,2026-12-31,1.1403309578106164,SPX,2026-04-09,6831.35009765625,19.75,0.03584999799728394,0.015
7800.0,70.2,0.1379549332113149,0.726027397260274,2026-12-31,1.1417947972943272,SPX,2026-04-09,6831.35009765625,19.75,0.03584999799728394,0.015
7810.0,68.15,0.1375098175786436,0.726027397260274,2026-12-31,1.1432586367780377,SPX,2026-04-09,6831.35009765625,19.75,0.03584999799728394,0.015
7830.0,64.6,0.13692400086314307,0.726027397260274,2026-12-31,1.1461863157454593,SPX,2026-04-09,6831.35009765625,19.75,0.03584999799728394,0.015
7840.0,62.849999999999994,0.13661332613354502,0.726027397260274,2026-12-31,1.1476501552291698,SPX,2026-04-09,6831.35009765625,19.75,0.03584999799728394,0.015
7850.0,61.150000000000006,0.13631461924609883,0.726027397260274,2026-12-31,1.1491139947128806,SPX,2026-04-09,6831.35009765625,19.75,0.03584999799728394,0.015
6850.0,514.3,0.2000987003637582,0.7671232876712328,2027-01-15,1.002730046341813,SPX,2026-04-09,6831.35009765625,19.75,0.03584999799728394,0.015
6875.0,498.65,0.19851228575414873,0.7671232876712328,2027-01-15,1.0063896450510896,SPX,2026-04-09,6831.35009765625,19.75,0.03584999799728394,0.015
6900.0,482.25,0.19652857848656605,0.7671232876712328,2027-01-15,1.0100492437603663,SPX,2026-04-09,6831.35009765625,19.75,0.03584999799728394,0.015
6925.0,466.8,0.1948727797668434,0.7671232876712328,2027-01-15,1.013708842469643,SPX,2026-04-09,6831.35009765625,19.75,0.03584999799728394,0.015
6950.0,450.5,0.19277571036406113,0.7671232876712328,2027-01-15,1.0173684411789197,SPX,2026-04-09,6831.35009765625,19.75,0.03584999799728394,0.015
6975.0,435.1,0.1909802951676714,0.7671232876712328,2027-01-15,1.0210280398881963,SPX,2026-04-09,6831.35009765625,19.75,0.03584999799728394,0.015
7000.0,419.8,0.18914399642194774,0.7671232876712328,2027-01-15,1.024687638597473,SPX,2026-04-09,6831.35009765625,19.75,0.03584999799728394,0.015
7025.0,404.7,0.18730721123130353,0.7671232876712328,2027-01-15,1.0283472373067497,SPX,2026-04-09,6831.35009765625,19.75,0.03584999799728394,0.015
7050.0,389.25,0.18523469088409603,0.7671232876712328,2027-01-15,1.0320068360160264,SPX,2026-04-09,6831.35009765625,19.75,0.03584999799728394,0.015
7075.0,375.04999999999995,0.18360236781348332,0.7671232876712328,2027-01-15,1.035666434725303,SPX,2026-04-09,6831.35009765625,19.75,0.03584999799728394,0.015
7100.0,360.5,0.18172983262812506,0.7671232876712328,2027-01-15,1.0393260334345797,SPX,2026-04-09,6831.35009765625,19.75,0.03584999799728394,0.015
7125.0,346.6,0.1800392670213205,0.7671232876712328,2027-01-15,1.0429856321438566,SPX,2026-04-09,6831.35009765625,19.75,0.03584999799728394,0.015
7150.0,331.75,0.17784735219021347,0.7671232876712328,2027-01-15,1.0466452308531333,SPX,2026-04-09,6831.35009765625,19.75,0.03584999799728394,0.015
7175.0,317.5,0.17581035837306502,0.7671232876712328,2027-01-15,1.05030482956241,SPX,2026-04-09,6831.35009765625,19.75,0.03584999799728394,0.015
7200.0,304.55,0.1742276371002421,0.7671232876712328,2027-01-15,1.0539644282716867,SPX,2026-04-09,6831.35009765625,19.75,0.03584999799728394,0.015
7225.0,291.4,0.1724554413310325,0.7671232876712328,2027-01-15,1.0576240269809634,SPX,2026-04-09,6831.35009765625,19.75,0.03584999799728394,0.015
7250.0,278.65,0.17074911158851647,0.7671232876712328,2027-01-15,1.06128362569024,SPX,2026-04-09,6831.35009765625,19.75,0.03584999799728394,0.015
7275.0,265.54999999999995,0.1687801859216732,0.7671232876712328,2027-01-15,1.0649432243995167,SPX,2026-04-09,6831.35009765625,19.75,0.03584999799728394,0.015
7300.0,253.3,0.16706845075390084,0.7671232876712328,2027-01-15,1.0686028231087934,SPX,2026-04-09,6831.35009765625,19.75,0.03584999799728394,0.015
7325.0,241.39999999999998,0.16539568665157192,0.7671232876712328,2027-01-15,1.07226242181807,SPX,2026-04-09,6831.35009765625,19.75,0.03584999799728394,0.015
7350.0,229.3,0.1635148498055672,0.7671232876712328,2027-01-15,1.0759220205273468,SPX,2026-04-09,6831.35009765625,19.75,0.03584999799728394,0.015
7375.0,217.9,0.16182408303763585,0.7671232876712328,2027-01-15,1.0795816192366234,SPX,2026-04-09,6831.35009765625,19.75,0.03584999799728394,0.015
7400.0,206.9,0.1601900378428263,0.7671232876712328,2027-01-15,1.0832412179459001,SPX,2026-04-09,6831.35009765625,19.75,0.03584999799728394,0.015
7425.0,196.4,0.15865862653845772,0.7671232876712328,2027-01-15,1.0869008166551768,SPX,2026-04-09,6831.35009765625,19.75,0.03584999799728394,0.015
7450.0,185.89999999999998,0.1569986783599499,0.7671232876712328,2027-01-15,1.0905604153644535,SPX,2026-04-09,6831.35009765625,19.75,0.03584999799728394,0.015
7475.0,176.64999999999998,0.15579558759727571,0.7671232876712328,2027-01-15,1.0942200140737302,SPX,2026-04-09,6831.35009765625,19.75,0.03584999799728394,0.015
7500.0,167.05,0.15429794620025125,0.7671232876712328,2027-01-15,1.0978796127830068,SPX,2026-04-09,6831.35009765625,19.75,0.03584999799728394,0.015
7525.0,157.5,0.15268661957408897,0.7671232876712328,2027-01-15,1.1015392114922835,SPX,2026-04-09,6831.35009765625,19.75,0.03584999799728394,0.015
7550.0,148.55,0.1512286101907851,0.7671232876712328,2027-01-15,1.1051988102015602,SPX,2026-04-09,6831.35009765625,19.75,0.03584999799728394,0.015
7575.0,140.25,0.14995573707552046,0.7671232876712328,2027-01-15,1.1088584089108369,SPX,2026-04-09,6831.35009765625,19.75,0.03584999799728394,0.015
7600.0,132.2,0.14867189305661738,0.7671232876712328,2027-01-15,1.1125180076201135,SPX,2026-04-09,6831.35009765625,19.75,0.03584999799728394,0.015
7625.0,124.65,0.14750789975429085,0.7671232876712328,2027-01-15,1.1161776063293902,SPX,2026-04-09,6831.35009765625,19.75,0.03584999799728394,0.015
7650.0,117.05,0.14617522773641797,0.7671232876712328,2027-01-15,1.1198372050386671,SPX,2026-04-09,6831.35009765625,19.75,0.03584999799728394,0.015
7675.0,110.15,0.1450756443171325,0.7671232876712328,2027-01-15,1.1234968037479438,SPX,2026-04-09,6831.35009765625,19.75,0.03584999799728394,0.015
7700.0,103.4,0.1439161813668274,0.7671232876712328,2027-01-15,1.1271564024572205,SPX,2026-04-09,6831.35009765625,19.75,0.03584999799728394,0.015
7725.0,97.05000000000001,0.14283785926499917,0.7671232876712328,2027-01-15,1.1308160011664972,SPX,2026-04-09,6831.35009765625,19.75,0.03584999799728394,0.015
7750.0,91.0,0.1417887312533779,0.7671232876712328,2027-01-15,1.1344755998757738,SPX,2026-04-09,6831.35009765625,19.75,0.03584999799728394,0.015
7775.0,85.2,0.14074161983704725,0.7671232876712328,2027-01-15,1.1381351985850505,SPX,2026-04-09,6831.35009765625,19.75,0.03584999799728394,0.015
7800.0,79.95,0.13988779170268628,0.7671232876712328,2027-01-15,1.1417947972943272,SPX,2026-04-09,6831.35009765625,19.75,0.03584999799728394,0.015
7825.0,74.75,0.13892182476720635,0.7671232876712328,2027-01-15,1.1454543960036039,SPX,2026-04-09,6831.35009765625,19.75,0.03584999799728394,0.015
7850.0,70.1,0.13817073122695467,0.7671232876712328,2027-01-15,1.1491139947128806,SPX,2026-04-09,6831.35009765625,19.75,0.03584999799728394,0.015
6850.0,554.0999999999999,0.20243898593309187,0.863013698630137,2027-02-19,1.002730046341813,SPX,2026-04-09,6831.35009765625,19.75,0.03584999799728394,0.015
6875.0,538.9,0.20110296787640317,0.863013698630137,2027-02-19,1.0063896450510896,SPX,2026-04-09,6831.35009765625,19.75,0.03584999799728394,0.015
6900.0,522.5,0.19921449297470725,0.863013698630137,2027-02-19,1.0100492437603663,SPX,2026-04-09,6831.35009765625,19.75,0.03584999799728394,0.015
6925.0,506.75,0.19752180651173737,0.863013698630137,2027-02-19,1.013708842469643,SPX,2026-04-09,6831.35009765625,19.75,0.03584999799728394,0.015
6950.0,491.0,0.19576062393189833,0.863013698630137,2027-02-19,1.0173684411789197,SPX,2026-04-09,6831.35009765625,19.75,0.03584999799728394,0.015
6975.0,475.5,0.19403004434003787,0.863013698630137,2027-02-19,1.0210280398881963,SPX,2026-04-09,6831.35009765625,19.75,0.03584999799728394,0.015
7000.0,459.8,0.19214794883294545,0.863013698630137,2027-02-19,1.024687638597473,SPX,2026-04-09,6831.35009765625,19.75,0.03584999799728394,0.015
7025.0,445.1,0.190593477272223,0.863013698630137,2027-02-19,1.0283472373067497,SPX,2026-04-09,6831.35009765625,19.75,0.03584999799728394,0.015
7050.0,429.75,0.18870402305749623,0.863013698630137,2027-02-19,1.0320068360160264,SPX,2026-04-09,6831.35009765625,19.75,0.03584999799728394,0.015
7075.0,414.20000000000005,0.1866581598283619,0.863013698630137,2027-02-19,1.035666434725303,SPX,2026-04-09,6831.35009765625,19.75,0.03584999799728394,0.015
7100.0,400.6,0.18531441758206657,0.863013698630137,2027-02-19,1.0393260334345797,SPX,2026-04-09,6831.35009765625,19.75,0.03584999799728394,0.015
7125.0,385.20000000000005,0.18316981191587534,0.863013698630137,2027-02-19,1.0429856321438566,SPX,2026-04-09,6831.35009765625,19.75,0.03584999799728394,0.015
7150.0,371.8,0.18174465935549772,0.863013698630137,2027-02-19,1.0466452308531333,SPX,2026-04-09,6831.35009765625,19.75,0.03584999799728394,0.015
7175.0,358.1,0.1801158496033074,0.863013698630137,2027-02-19,1.05030482956241,SPX,2026-04-09,6831.35009765625,19.75,0.03584999799728394,0.015
7200.0,343.7,0.17811906502826202,0.863013698630137,2027-02-19,1.0539644282716867,SPX,2026-04-09,6831.35009765625,19.75,0.03584999799728394,0.015
7225.0,330.65,0.17657845702817843,0.863013698630137,2027-02-19,1.0576240269809634,SPX,2026-04-09,6831.35009765625,19.75,0.03584999799728394,0.015
7250.0,317.15,0.17476575801862052,0.863013698630137,2027-02-19,1.06128362569024,SPX,2026-04-09,6831.35009765625,19.75,0.03584999799728394,0.015
7275.0,304.1,0.17304291801463464,0.863013698630137,2027-02-19,1.0649432243995167,SPX,2026-04-09,6831.35009765625,19.75,0.03584999799728394,0.015
7300.0,291.35,0.1713476819134843,0.863013698630137,2027-02-19,1.0686028231087934,SPX,2026-04-09,6831.35009765625,19.75,0.03584999799728394,0.015
7325.0,278.9,0.16967856753088428,0.863013698630137,2027-02-19,1.07226242181807,SPX,2026-04-09,6831.35009765625,19.75,0.03584999799728394,0.015
7350.0,266.6,0.16797183222764098,0.863013698630137,2027-02-19,1.0759220205273468,SPX,2026-04-09,6831.35009765625,19.75,0.03584999799728394,0.015
7375.0,254.75,0.16635037095889552,0.863013698630137,2027-02-19,1.0795816192366234,SPX,2026-04-09,6831.35009765625,19.75,0.03584999799728394,0.015
7400.0,242.95,0.1646454578527209,0.863013698630137,2027-02-19,1.0832412179459001,SPX,2026-04-09,6831.35009765625,19.75,0.03584999799728394,0.015
7425.0,232.1,0.1632366081264424,0.863013698630137,2027-02-19,1.0869008166551768,SPX,2026-04-09,6831.35009765625,19.75,0.03584999799728394,0.015
7450.0,221.5,0.16182946789700284,0.863013698630137,2027-02-19,1.0905604153644535,SPX,2026-04-09,6831.35009765625,19.75,0.03584999799728394,0.015
7475.0,210.9,0.16031389522995879,0.863013698630137,2027-02-19,1.0942200140737302,SPX,2026-04-09,6831.35009765625,19.75,0.03584999799728394,0.015
7500.0,200.25,0.15866320967441785,0.863013698630137,2027-02-19,1.0978796127830068,SPX,2026-04-09,6831.35009765625,19.75,0.03584999799728394,0.015
7525.0,190.7,0.15738352580929482,0.863013698630137,2027-02-19,1.1015392114922835,SPX,2026-04-09,6831.35009765625,19.75,0.03584999799728394,0.015
7550.0,181.15,0.15599089470231467,0.863013698630137,2027-02-19,1.1051988102015602,SPX,2026-04-09,6831.35009765625,19.75,0.03584999799728394,0.015
7575.0,171.9,0.15461735224547266,0.863013698630137,2027-02-19,1.1088584089108369,SPX,2026-04-09,6831.35009765625,19.75,0.03584999799728394,0.015
7600.0,162.65,0.1531230572982248,0.863013698630137,2027-02-19,1.1125180076201135,SPX,2026-04-09,6831.35009765625,19.75,0.03584999799728394,0.015
7625.0,153.95,0.15176150494442847,0.863013698630137,2027-02-19,1.1161776063293902,SPX,2026-04-09,6831.35009765625,19.75,0.03584999799728394,0.015
7650.0,145.95,0.15061171676761823,0.863013698630137,2027-02-19,1.1198372050386671,SPX,2026-04-09,6831.35009765625,19.75,0.03584999799728394,0.015
7675.0,138.35,0.1495369001600847,0.863013698630137,2027-02-19,1.1234968037479438,SPX,2026-04-09,6831.35009765625,19.75,0.03584999799728394,0.015
7700.0,130.60000000000002,0.1482664009772503,0.863013698630137,2027-02-19,1.1271564024572205,SPX,2026-04-09,6831.35009765625,19.75,0.03584999799728394,0.015
7725.0,123.35,0.1471203266335623,0.863013698630137,2027-02-19,1.1308160011664972,SPX,2026-04-09,6831.35009765625,19.75,0.03584999799728394,0.015
7750.0,116.5,0.14605498672288403,0.863013698630137,2027-02-19,1.1344755998757738,SPX,2026-04-09,6831.35009765625,19.75,0.03584999799728394,0.015
7775.0,109.80000000000001,0.14494235379524606,0.863013698630137,2027-02-19,1.1381351985850505,SPX,2026-04-09,6831.35009765625,19.75,0.03584999799728394,0.015
7800.0,103.55000000000001,0.14394390374262594,0.863013698630137,2027-02-19,1.1417947972943272,SPX,2026-04-09,6831.35009765625,19.75,0.03584999799728394,0.015
7825.0,97.45,0.14290084276045042,0.863013698630137,2027-02-19,1.1454543960036039,SPX,2026-04-09,6831.35009765625,19.75,0.03584999799728394,0.015
7850.0,92.1,0.14215536793126407,0.863013698630137,2027-02-19,1.1491139947128806,SPX,2026-04-09,6831.35009765625,19.75,0.03584999799728394,0.015
6850.0,586.5,0.20484377249273333,0.9397260273972603,2027-03-19,1.002730046341813,SPX,2026-04-09,6831.35009765625,19.75,0.03584999799728394,0.015
6875.0,570.55,0.203251589363974,0.9397260273972603,2027-03-19,1.0063896450510896,SPX,2026-04-09,6831.35009765625,19.75,0.03584999799728394,0.015
6900.0,554.15,0.2014255249671889,0.9397260273972603,2027-03-19,1.0100492437603663,SPX,2026-04-09,6831.35009765625,19.75,0.03584999799728394,0.015
6925.0,538.6,0.1998692980064959,0.9397260273972603,2027-03-19,1.013708842469643,SPX,2026-04-09,6831.35009765625,19.75,0.03584999799728394,0.015
6950.0,521.9,0.19780726018005984,0.9397260273972603,2027-03-19,1.0173684411789197,SPX,2026-04-09,6831.35009765625,19.75,0.03584999799728394,0.015
6975.0,507.1,0.1964167289906532,0.9397260273972603,2027-03-19,1.0210280398881963,SPX,2026-04-09,6831.35009765625,19.75,0.03584999799728394,0.015
7000.0,490.9,0.19442236541413213,0.9397260273972603,2027-03-19,1.024687638597473,SPX,2026-04-09,6831.35009765625,19.75,0.03584999799728394,0.015
7025.0,476.0,0.1928634478757845,0.9397260273972603,2027-03-19,1.0283472373067497,SPX,2026-04-09,6831.35009765625,19.75,0.03584999799728394,0.015
7050.0,461.7,0.1914681089077923,0.9397260273972603,2027-03-19,1.0320068360160264,SPX,2026-04-09,6831.35009765625,19.75,0.03584999799728394,0.015
7075.0,446.4,0.18962057704052654,0.9397260273972603,2027-03-19,1.035666434725303,SPX,2026-04-09,6831.35009765625,19.75,0.03584999799728394,0.015
7100.0,431.5,0.18785711730220198,0.9397260273972603,2027-03-19,1.0393260334345797,SPX,2026-04-09,6831.35009765625,19.75,0.03584999799728394,0.015
7125.0,416.95000000000005,0.18615702418179572,0.9397260273972603,2027-03-19,1.0429856321438566,SPX,2026-04-09,6831.35009765625,19.75,0.03584999799728394,0.015
7150.0,403.5,0.18480676236395516,0.9397260273972603,2027-03-19,1.0466452308531333,SPX,2026-04-09,6831.35009765625,19.75,0.03584999799728394,0.015
7175.0,389.5,0.1831713187520526,0.9397260273972603,2027-03-19,1.05030482956241,SPX,2026-04-09,6831.35009765625,19.75,0.03584999799728394,0.015
7200.0,374.7,0.1811513172071111,0.9397260273972603,2027-03-19,1.0539644282716867,SPX,2026-04-09,6831.35009765625,19.75,0.03584999799728394,0.015
7225.0,362.0,0.1798639222576075,0.9397260273972603,2027-03-19,1.0576240269809634,SPX,2026-04-09,6831.35009765625,19.75,0.03584999799728394,0.015
7250.0,348.54999999999995,0.17820799343489838,0.9397260273972603,2027-03-19,1.06128362569024,SPX,2026-04-09,6831.35009765625,19.75,0.03584999799728394,0.015
7275.0,334.95,0.17641211705844065,0.9397260273972603,2027-03-19,1.0649432243995167,SPX,2026-04-09,6831.35009765625,19.75,0.03584999799728394,0.015
7300.0,321.7,0.17466834025972022,0.9397260273972603,2027-03-19,1.0686028231087934,SPX,2026-04-09,6831.35009765625,19.75,0.03584999799728394,0.015
7325.0,309.4,0.17321071070484922,0.9397260273972603,2027-03-19,1.07226242181807,SPX,2026-04-09,6831.35009765625,19.75,0.03584999799728394,0.015
7350.0,296.7,0.17150979792309073,0.9397260273972603,2027-03-19,1.0759220205273468,SPX,2026-04-09,6831.35009765625,19.75,0.03584999799728394,0.015
7375.0,285.29999999999995,0.17023490337611583,0.9397260273972603,2027-03-19,1.0795816192366234,SPX,2026-04-09,6831.35009765625,19.75,0.03584999799728394,0.015
7400.0,273.1,0.1685526837793438,0.9397260273972603,2027-03-19,1.0832412179459001,SPX,2026-04-09,6831.35009765625,19.75,0.03584999799728394,0.015
7425.0,261.5,0.16701785615076234,0.9397260273972603,2027-03-19,1.0869008166551768,SPX,2026-04-09,6831.35009765625,19.75,0.03584999799728394,0.015
7450.0,250.35,0.16557034511612143,0.9397260273972603,2027-03-19,1.0905604153644535,SPX,2026-04-09,6831.35009765625,19.75,0.03584999799728394,0.015
7475.0,239.05,0.16396551892191708,0.9397260273972603,2027-03-19,1.0942200140737302,SPX,2026-04-09,6831.35009765625,19.75,0.03584999799728394,0.015
7500.0,228.55,0.1625909379124512,0.9397260273972603,2027-03-19,1.0978796127830068,SPX,2026-04-09,6831.35009765625,19.75,0.03584999799728394,0.015
7525.0,218.39999999999998,0.16126399303103936,0.9397260273972603,2027-03-19,1.1015392114922835,SPX,2026-04-09,6831.35009765625,19.75,0.03584999799728394,0.015
7550.0,207.95,0.15971012041419314,0.9397260273972603,2027-03-19,1.1051988102015602,SPX,2026-04-09,6831.35009765625,19.75,0.03584999799728394,0.015
7575.0,198.60000000000002,0.15851990295347795,0.9397260273972603,2027-03-19,1.1088584089108369,SPX,2026-04-09,6831.35009765625,19.75,0.03584999799728394,0.015
7600.0,189.2,0.1572068871008654,0.9397260273972603,2027-03-19,1.1125180076201135,SPX,2026-04-09,6831.35009765625,19.75,0.03584999799728394,0.015
7625.0,179.95,0.15585382355444546,0.9397260273972603,2027-03-19,1.1161776063293902,SPX,2026-04-09,6831.35009765625,19.75,0.03584999799728394,0.015
7650.0,171.0,0.1545248091360439,0.9397260273972603,2027-03-19,1.1198372050386671,SPX,2026-04-09,6831.35009765625,19.75,0.03584999799728394,0.015
7675.0,162.85,0.15344700780708145,0.9397260273972603,2027-03-19,1.1234968037479438,SPX,2026-04-09,6831.35009765625,19.75,0.03584999799728394,0.015
7700.0,154.45,0.15214856385627454,0.9397260273972603,2027-03-19,1.1271564024572205,SPX,2026-04-09,6831.35009765625,19.75,0.03584999799728394,0.015
7725.0,146.65,0.15101595625174738,0.9397260273972603,2027-03-19,1.1308160011664972,SPX,2026-04-09,6831.35009765625,19.75,0.03584999799728394,0.015
7750.0,139.05,0.14986727893097718,0.9397260273972603,2027-03-19,1.1344755998757738,SPX,2026-04-09,6831.35009765625,19.75,0.03584999799728394,0.015
7800.0,124.94999999999999,0.14776584607408078,0.9397260273972603,2027-03-19,1.1417947972943272,SPX,2026-04-09,6831.35009765625,19.75,0.03584999799728394,0.015
7850.0,112.05000000000001,0.14581790463162586,0.9397260273972603,2027-03-19,1.1491139947128806,SPX,2026-04-09,6831.35009765625,19.75,0.03584999799728394,0.015
6850.0,597.4000000000001,0.20478851617092636,0.9726027397260274,2027-03-31,1.002730046341813,SPX,2026-04-09,6831.35009765625,19.75,0.03584999799728394,0.015
6900.0,565.2,0.20147569255667133,0.9726027397260274,2027-03-31,1.0100492437603663,SPX,2026-04-09,6831.35009765625,19.75,0.03584999799728394,0.015
6990.0,509.54999999999995,0.19580294840834037,0.9726027397260274,2027-03-31,1.0232237991137625,SPX,2026-04-09,6831.35009765625,19.75,0.03584999799728394,0.015
7000.0,503.35,0.1951176573434152,0.9726027397260274,2027-03-31,1.024687638597473,SPX,2026-04-09,6831.35009765625,19.75,0.03584999799728394,0.015
7010.0,497.0,0.1943656440644676,0.9726027397260274,2027-03-31,1.0261514780811838,SPX,2026-04-09,6831.35009765625,19.75,0.03584999799728394,0.015
7020.0,491.95,0.1940952936892135,0.9726027397260274,2027-03-31,1.0276153175648945,SPX,2026-04-09,6831.35009765625,19.75,0.03584999799728394,0.015
7025.0,488.85,0.19373876658306527,0.9726027397260274,2027-03-31,1.0283472373067497,SPX,2026-04-09,6831.35009765625,19.75,0.03584999799728394,0.015
7060.0,466.85,0.19105814562387702,0.9726027397260274,2027-03-31,1.0334706754997371,SPX,2026-04-09,6831.35009765625,19.75,0.03584999799728394,0.015
7080.0,455.0,0.18974146668353578,0.9726027397260274,2027-03-31,1.0363983544671584,SPX,2026-04-09,6831.35009765625,19.75,0.03584999799728394,0.015
7100.0,443.3,0.18843862752950138,0.9726027397260274,2027-03-31,1.0393260334345797,SPX,2026-04-09,6831.35009765625,19.75,0.03584999799728394,0.015
7150.0,414.6,0.18519717219607687,0.9726027397260274,2027-03-31,1.0466452308531333,SPX,2026-04-09,6831.35009765625,19.75,0.03584999799728394,0.015
7160.0,409.85,0.1848895114949745,0.9726027397260274,2027-03-31,1.0481090703368439,SPX,2026-04-09,6831.35009765625,19.75,0.03584999799728394,0.015
7190.0,392.04999999999995,0.18255506141141248,0.9726027397260274,2027-03-31,1.052500588787976,SPX,2026-04-09,6831.35009765625,19.75,0.03584999799728394,0.015
7200.0,386.54999999999995,0.18191743771848107,0.9726027397260274,2027-03-31,1.0539644282716867,SPX,2026-04-09,6831.35009765625,19.75,0.03584999799728394,0.015
7210.0,381.04999999999995,0.18126795864408088,0.9726027397260274,2027-03-31,1.0554282677553972,SPX,2026-04-09,6831.35009765625,19.75,0.03584999799728394,0.015
7220.0,375.54999999999995,0.18060649837219792,0.9726027397260274,2027-03-31,1.056892107239108,SPX,2026-04-09,6831.35009765625,19.75,0.03584999799728394,0.015
7230.0,370.25,0.18000894476539603,0.9726027397260274,2027-03-31,1.0583559467228187,SPX,2026-04-09,6831.35009765625,19.75,0.03584999799728394,0.015
7240.0,364.85,0.17936125037545939,0.9726027397260274,2027-03-31,1.0598197862065293,SPX,2026-04-09,6831.35009765625,19.75,0.03584999799728394,0.015
7250.0,359.54999999999995,0.17873934589414467,0.9726027397260274,2027-03-31,1.06128362569024,SPX,2026-04-09,6831.35009765625,19.75,0.03584999799728394,0.015
7260.0,354.1,0.17804787410190323,0.9726027397260274,2027-03-31,1.0627474651739506,SPX,2026-04-09,6831.35009765625,19.75,0.03584999799728394,0.015
7270.0,348.95000000000005,0.17745833399667577,0.9726027397260274,2027-03-31,1.0642113046576613,SPX,2026-04-09,6831.35009765625,19.75,0.03584999799728394,0.015
7280.0,343.6,0.17677981294621847,0.9726027397260274,2027-03-31,1.065675144141372,SPX,2026-04-09,6831.35009765625,19.75,0.03584999799728394,0.015
7290.0,339.25,0.17647147015771458,0.9726027397260274,2027-03-31,1.0671389836250826,SPX,2026-04-09,6831.35009765625,19.75,0.03584999799728394,0.015
7300.0,333.25,0.17551830942789037,0.9726027397260274,2027-03-31,1.0686028231087934,SPX,2026-04-09,6831.35009765625,19.75,0.03584999799728394,0.015
7350.0,308.85,0.1727051974292735,0.9726027397260274,2027-03-31,1.0759220205273468,SPX,2026-04-09,6831.35009765625,19.75,0.03584999799728394,0.015
7400.0,284.05,0.1694015764745435,0.9726027397260274,2027-03-31,1.0832412179459001,SPX,2026-04-09,6831.35009765625,19.75,0.03584999799728394,0.015
7450.0,261.6,0.16666915184237482,0.9726027397260274,2027-03-31,1.0905604153644535,SPX,2026-04-09,6831.35009765625,19.75,0.03584999799728394,0.015
7480.0,248.05,0.1648256564827682,0.9726027397260274,2027-03-31,1.0949519338155855,SPX,2026-04-09,6831.35009765625,19.75,0.03584999799728394,0.015
7485.0,245.85,0.16452860702411298,0.9726027397260274,2027-03-31,1.095683853557441,SPX,2026-04-09,6831.35009765625,19.75,0.03584999799728394,0.015
7490.0,243.25,0.16406652786965625,0.9726027397260274,2027-03-31,1.0964157732992963,SPX,2026-04-09,6831.35009765625,19.75,0.03584999799728394,0.015
7495.0,241.05,0.16376161219157478,0.9726027397260274,2027-03-31,1.0971476930411515,SPX,2026-04-09,6831.35009765625,19.75,0.03584999799728394,0.015
7500.0,239.6,0.16375633994648595,0.9726027397260274,2027-03-31,1.0978796127830068,SPX,2026-04-09,6831.35009765625,19.75,0.03584999799728394,0.015
7510.0,235.15,0.1631080702245976,0.9726027397260274,2027-03-31,1.0993434522667176,SPX,2026-04-09,6831.35009765625,19.75,0.03584999799728394,0.015
7515.0,233.05,0.16282887213860409,0.9726027397260274,2027-03-31,1.100075372008573,SPX,2026-04-09,6831.35009765625,19.75,0.03584999799728394,0.015
7520.0,230.95,0.16254587515589383,0.9726027397260274,2027-03-31,1.1008072917504281,SPX,2026-04-09,6831.35009765625,19.75,0.03584999799728394,0.015
7525.0,228.85,0.16225904748974343,0.9726027397260274,2027-03-31,1.1015392114922835,SPX,2026-04-09,6831.35009765625,19.75,0.03584999799728394,0.015
7530.0,226.95,0.16205023771305357,0.9726027397260274,2027-03-31,1.102271131234139,SPX,2026-04-09,6831.35009765625,19.75,0.03584999799728394,0.015
7535.0,224.25,0.1615096322090056,0.9726027397260274,2027-03-31,1.1030030509759943,SPX,2026-04-09,6831.35009765625,19.75,0.03584999799728394,0.015
7540.0,222.2,0.16123132290078968,0.9726027397260274,2027-03-31,1.1037349707178497,SPX,2026-04-09,6831.35009765625,19.75,0.03584999799728394,0.015
7545.0,219.45,0.16066056342247106,0.9726027397260274,2027-03-31,1.104466890459705,SPX,2026-04-09,6831.35009765625,19.75,0.03584999799728394,0.015
7550.0,218.6,0.1608695059436273,0.9726027397260274,2027-03-31,1.1051988102015602,SPX,2026-04-09,6831.35009765625,19.75,0.03584999799728394,0.015
7555.0,216.15,0.16041433928648022,0.9726027397260274,2027-03-31,1.1059307299434156,SPX,2026-04-09,6831.35009765625,19.75,0.03584999799728394,0.015
7560.0,214.2,0.1601618599740159,0.9726027397260274,2027-03-31,1.106662649685271,SPX,2026-04-09,6831.35009765625,19.75,0.03584999799728394,0.015
7565.0,212.75,0.16011338583505075,0.9726027397260274,2027-03-31,1.1073945694271263,SPX,2026-04-09,6831.35009765625,19.75,0.03584999799728394,0.015
7570.0,210.7,0.1598120327701893,0.9726027397260274,2027-03-31,1.1081264891689817,SPX,2026-04-09,6831.35009765625,19.75,0.03584999799728394,0.015
7575.0,208.65,0.15950656428588403,0.9726027397260274,2027-03-31,1.1088584089108369,SPX,2026-04-09,6831.35009765625,19.75,0.03584999799728394,0.015
7580.0,206.7,0.15923881697715944,0.9726027397260274,2027-03-31,1.1095903286526922,SPX,2026-04-09,6831.35009765625,19.75,0.03584999799728394,0.015
7585.0,204.95,0.15905100279225462,0.9726027397260274,2027-03-31,1.1103222483945476,SPX,2026-04-09,6831.35009765625,19.75,0.03584999799728394,0.015
7590.0,202.4,0.15852301581172162,0.9726027397260274,2027-03-31,1.111054168136403,SPX,2026-04-09,6831.35009765625,19.75,0.03584999799728394,0.015
7595.0,201.1,0.15851687719048685,0.9726027397260274,2027-03-31,1.1117860878782584,SPX,2026-04-09,6831.35009765625,19.75,0.03584999799728394,0.015
7600.0,199.0,0.15817023319502027,0.9726027397260274,2027-03-31,1.1125180076201135,SPX,2026-04-09,6831.35009765625,19.75,0.03584999799728394,0.015
7605.0,196.7,0.15773398822430929,0.9726027397260274,2027-03-31,1.113249927361969,SPX,2026-04-09,6831.35009765625,19.75,0.03584999799728394,0.015
7610.0,195.45,0.1577391596563842,0.9726027397260274,2027-03-31,1.1139818471038243,SPX,2026-04-09,6831.35009765625,19.75,0.03584999799728394,0.015
7615.0,193.4,0.15740084945972446,0.9726027397260274,2027-03-31,1.1147137668456797,SPX,2026-04-09,6831.35009765625,19.75,0.03584999799728394,0.015
7620.0,191.35,0.157057607345086,0.9726027397260274,2027-03-31,1.115445686587535,SPX,2026-04-09,6831.35009765625,19.75,0.03584999799728394,0.015
7625.0,189.7,0.15688169365232535,0.9726027397260274,2027-03-31,1.1161776063293902,SPX,2026-04-09,6831.35009765625,19.75,0.03584999799728394,0.015
7630.0,187.9,0.15663772862699787,0.9726027397260274,2027-03-31,1.1169095260712456,SPX,2026-04-09,6831.35009765625,19.75,0.03584999799728394,0.015
7635.0,186.3,0.15647573530160672,0.9726027397260274,2027-03-31,1.117641445813101,SPX,2026-04-09,6831.35009765625,19.75,0.03584999799728394,0.015
7640.0,184.39999999999998,0.15618067375888403,0.9726027397260274,2027-03-31,1.1183733655549564,SPX,2026-04-09,6831.35009765625,19.75,0.03584999799728394,0.015
7645.0,182.4,0.15583799520693975,0.9726027397260274,2027-03-31,1.1191052852968117,SPX,2026-04-09,6831.35009765625,19.75,0.03584999799728394,0.015
7650.0,180.3,0.15544725759334643,0.9726027397260274,2027-03-31,1.1198372050386671,SPX,2026-04-09,6831.35009765625,19.75,0.03584999799728394,0.015
7655.0,179.2,0.15548704095961866,0.9726027397260274,2027-03-31,1.1205691247805223,SPX,2026-04-09,6831.35009765625,19.75,0.03584999799728394,0.015
7660.0,177.2,0.15513139827412972,0.9726027397260274,2027-03-31,1.1213010445223777,SPX,2026-04-09,6831.35009765625,19.75,0.03584999799728394,0.015
7665.0,175.5,0.15490235948703754,0.9726027397260274,2027-03-31,1.122032964264233,SPX,2026-04-09,6831.35009765625,19.75,0.03584999799728394,0.015
7670.0,173.45,0.15451555542388384,0.9726027397260274,2027-03-31,1.1227648840060884,SPX,2026-04-09,6831.35009765625,19.75,0.03584999799728394,0.015
7675.0,172.25,0.15449821433908495,0.9726027397260274,2027-03-31,1.1234968037479438,SPX,2026-04-09,6831.35009765625,19.75,0.03584999799728394,0.015
7680.0,170.55,0.15425716513749294,0.9726027397260274,2027-03-31,1.124228723489799,SPX,2026-04-09,6831.35009765625,19.75,0.03584999799728394,0.015
7685.0,168.8,0.15398981558404778,0.9726027397260274,2027-03-31,1.1249606432316543,SPX,2026-04-09,6831.35009765625,19.75,0.03584999799728394,0.015
7690.0,167.0,0.1536959125244984,0.9726027397260274,2027-03-31,1.1256925629735097,SPX,2026-04-09,6831.35009765625,19.75,0.03584999799728394,0.015
7700.0,163.7,0.1532287040233277,0.9726027397260274,2027-03-31,1.1271564024572205,SPX,2026-04-09,6831.35009765625,19.75,0.03584999799728394,0.015
7705.0,162.2,0.15305614773735518,0.9726027397260274,2027-03-31,1.1278883221990756,SPX,2026-04-09,6831.35009765625,19.75,0.03584999799728394,0.015
7720.0,156.9,0.15215353074961507,0.9726027397260274,2027-03-31,1.1300840814246418,SPX,2026-04-09,6831.35009765625,19.75,0.03584999799728394,0.015
7750.0,147.9,0.15095887271299696,0.9726027397260274,2027-03-31,1.1344755998757738,SPX,2026-04-09,6831.35009765625,19.75,0.03584999799728394,0.015
7790.0,136.25,0.14929863826445397,0.9726027397260274,2027-03-31,1.1403309578106164,SPX,2026-04-09,6831.35009765625,19.75,0.03584999799728394,0.015
7800.0,133.5,0.14891881976048085,0.9726027397260274,2027-03-31,1.1417947972943272,SPX,2026-04-09,6831.35009765625,19.75,0.03584999799728394,0.015
7810.0,130.4,0.14835320557666645,0.9726027397260274,2027-03-31,1.1432586367780377,SPX,2026-04-09,6831.35009765625,19.75,0.03584999799728394,0.015
7820.0,127.85,0.14803583992669994,0.9726027397260274,2027-03-31,1.1447224762617485,SPX,2026-04-09,6831.35009765625,19.75,0.03584999799728394,0.015
7850.0,119.80000000000001,0.14678794100012107,0.9726027397260274,2027-03-31,1.1491139947128806,SPX,2026-04-09,6831.35009765625,19.75,0.03584999799728394,0.015
20.0,2.105,1.5476332657061984,0.03287671232876712,2026-04-22,1.0126582278481013,VIX,2026-04-09,6831.35009765625,19.75,0.03584999799728394,0.015
21.0,1.6600000000000001,1.51168032924779,0.03287671232876712,2026-04-22,1.0632911392405062,VIX,2026-04-09,6831.35009765625,19.75,0.03584999799728394,0.015
22.0,1.345,1.5217849721529062,0.03287671232876712,2026-04-22,1.1139240506329113,VIX,2026-04-09,6831.35009765625,19.75,0.03584999799728394,0.015
23.0,1.135,1.5689435111615584,0.03287671232876712,2026-04-22,1.1645569620253164,VIX,2026-04-09,6831.35009765625,19.75,0.03584999799728394,0.015
24.0,0.91,1.57047319717962,0.03287671232876712,2026-04-22,1.2151898734177216,VIX,2026-04-09,6831.35009765625,19.75,0.03584999799728394,0.015
25.0,0.77,1.61024549505981,0.03287671232876712,2026-04-22,1.2658227848101267,VIX,2026-04-09,6831.35009765625,19.75,0.03584999799728394,0.015
26.0,0.6499999999999999,1.643092765679783,0.03287671232876712,2026-04-22,1.3164556962025316,VIX,2026-04-09,6831.35009765625,19.75,0.03584999799728394,0.015
27.0,0.565,1.688376400543705,0.03287671232876712,2026-04-22,1.3670886075949367,VIX,2026-04-09,6831.35009765625,19.75,0.03584999799728394,0.015
28.0,0.53,1.7702517272432057,0.03287671232876712,2026-04-22,1.4177215189873418,VIX,2026-04-09,6831.35009765625,19.75,0.03584999799728394,0.015
29.0,0.46499999999999997,1.8077873826444486,0.03287671232876712,2026-04-22,1.4683544303797469,VIX,2026-04-09,6831.35009765625,19.75,0.03584999799728394,0.015
30.0,0.41000000000000003,1.8436136724933223,0.03287671232876712,2026-04-22,1.518987341772152,VIX,2026-04-09,6831.35009765625,19.75,0.03584999799728394,0.015
31.0,0.355,1.8666982832732602,0.03287671232876712,2026-04-22,1.5696202531645569,VIX,2026-04-09,6831.35009765625,19.75,0.03584999799728394,0.015
32.0,0.32,1.906062398348686,0.03287671232876712,2026-04-22,1.620253164556962,VIX,2026-04-09,6831.35009765625,19.75,0.03584999799728394,0.015
33.0,0.31,1.975335233884286,0.03287671232876712,2026-04-22,1.6708860759493671,VIX,2026-04-09,6831.35009765625,19.75,0.03584999799728394,0.015
34.0,0.255,1.9656743237602516,0.03287671232876712,2026-04-22,1.7215189873417722,VIX,2026-04-09,6831.35009765625,19.75,0.03584999799728394,0.015
35.0,0.23500000000000001,2.005065129925627,0.03287671232876712,2026-04-22,1.7721518987341771,VIX,2026-04-09,6831.35009765625,19.75,0.03584999799728394,0.015
36.0,0.225,2.057794769900356,0.03287671232876712,2026-04-22,1.8227848101265822,VIX,2026-04-09,6831.35009765625,19.75,0.03584999799728394,0.015
37.0,0.175,2.022092917820874,0.03287671232876712,2026-04-22,1.8734177215189873,VIX,2026-04-09,6831.35009765625,19.75,0.03584999799728394,0.015
38.0,0.16999999999999998,2.0748494509905213,0.03287671232876712,2026-04-22,1.9240506329113924,VIX,2026-04-09,6831.35009765625,19.75,0.03584999799728394,0.015
39.0,0.14,2.0618755598935508,0.03287671232876712,2026-04-22,1.9746835443037976,VIX,2026-04-09,6831.35009765625,19.75,0.03584999799728394,0.015
40.0,0.16999999999999998,2.196475382852302,0.03287671232876712,2026-04-22,2.0253164556962027,VIX,2026-04-09,6831.35009765625,19.75,0.03584999799728394,0.015
42.5,0.115,2.1847796487587035,0.03287671232876712,2026-04-22,2.151898734177215,VIX,2026-04-09,6831.35009765625,19.75,0.03584999799728394,0.015
45.0,0.1,2.259514740074882,0.03287671232876712,2026-04-22,2.278481012658228,VIX,2026-04-09,6831.35009765625,19.75,0.03584999799728394,0.015
50.0,0.10500000000000001,2.501948987288559,0.03287671232876712,2026-04-22,2.5316455696202533,VIX,2026-04-09,6831.35009765625,19.75,0.03584999799728394,0.015
20.0,2.405,1.3946117571914523,0.052054794520547946,2026-04-29,1.0126582278481013,VIX,2026-04-09,6831.35009765625,19.75,0.03584999799728394,0.015
21.0,2.025,1.4018052426170102,0.052054794520547946,2026-04-29,1.0632911392405062,VIX,2026-04-09,6831.35009765625,19.75,0.03584999799728394,0.015
22.0,1.725,1.4226923127246847,0.052054794520547946,2026-04-29,1.1139240506329113,VIX,2026-04-09,6831.35009765625,19.75,0.03584999799728394,0.015
23.0,1.505,1.4622122563930369,0.052054794520547946,2026-04-29,1.1645569620253164,VIX,2026-04-09,6831.35009765625,19.75,0.03584999799728394,0.015
24.0,1.2999999999999998,1.487742847397533,0.052054794520547946,2026-04-29,1.2151898734177216,VIX,2026-04-09,6831.35009765625,19.75,0.03584999799728394,0.015
25.0,1.1,1.4953115440562554,0.052054794520547946,2026-04-29,1.2658227848101267,VIX,2026-04-09,6831.35009765625,19.75,0.03584999799728394,0.015
26.0,0.95,1.5156985493891517,0.052054794520547946,2026-04-29,1.3164556962025316,VIX,2026-04-09,6831.35009765625,19.75,0.03584999799728394,0.015
27.0,0.875,1.5723054695759109,0.052054794520547946,2026-04-29,1.3670886075949367,VIX,2026-04-09,6831.35009765625,19.75,0.03584999799728394,0.015
28.0,0.78,1.6033161705246914,0.052054794520547946,2026-04-29,1.4177215189873418,VIX,2026-04-09,6831.35009765625,19.75,0.03584999799728394,0.015
29.0,0.7150000000000001,1.6461357456688126,0.052054794520547946,2026-04-29,1.4683544303797469,VIX,2026-04-09,6831.35009765625,19.75,0.03584999799728394,0.015
30.0,0.62,1.6548964069766292,0.052054794520547946,2026-04-29,1.518987341772152,VIX,2026-04-09,6831.35009765625,19.75,0.03584999799728394,0.015
31.0,0.585,1.7051364863145482,0.052054794520547946,2026-04-29,1.5696202531645569,VIX,2026-04-09,6831.35009765625,19.75,0.03584999799728394,0.015
32.0,0.5349999999999999,1.7355649904494759,0.052054794520547946,2026-04-29,1.620253164556962,VIX,2026-04-09,6831.35009765625,19.75,0.03584999799728394,0.015
33.0,0.46,1.733841931834333,0.052054794520547946,2026-04-29,1.6708860759493671,VIX,2026-04-09,6831.35009765625,19.75,0.03584999799728394,0.015
34.0,0.42000000000000004,1.7590022457480612,0.052054794520547946,2026-04-29,1.7215189873417722,VIX,2026-04-09,6831.35009765625,19.75,0.03584999799728394,0.015
35.0,0.38,1.777922784603096,0.052054794520547946,2026-04-29,1.7721518987341771,VIX,2026-04-09,6831.35009765625,19.75,0.03584999799728394,0.015
36.0,0.35,1.802636366971253,0.052054794520547946,2026-04-29,1.8227848101265822,VIX,2026-04-09,6831.35009765625,19.75,0.03584999799728394,0.015
37.0,0.32,1.8222985699899874,0.052054794520547946,2026-04-29,1.8734177215189873,VIX,2026-04-09,6831.35009765625,19.75,0.03584999799728394,0.015
38.0,0.29,1.836778305738839,0.052054794520547946,2026-04-29,1.9240506329113924,VIX,2026-04-09,6831.35009765625,19.75,0.03584999799728394,0.015
39.0,0.275,1.8677424456607052,0.052054794520547946,2026-04-29,1.9746835443037976,VIX,2026-04-09,6831.35009765625,19.75,0.03584999799728394,0.015
40.0,0.29500000000000004,1.9465960060715168,0.052054794520547946,2026-04-29,2.0253164556962027,VIX,2026-04-09,6831.35009765625,19.75,0.03584999799728394,0.015
42.5,0.21000000000000002,1.9309355758784665,0.052054794520547946,2026-04-29,2.151898734177215,VIX,2026-04-09,6831.35009765625,19.75,0.03584999799728394,0.015
45.0,0.175,1.9707771761061326,0.052054794520547946,2026-04-29,2.278481012658228,VIX,2026-04-09,6831.35009765625,19.75,0.03584999799728394,0.015
47.5,0.155,2.0251785103500697,0.052054794520547946,2026-04-29,2.4050632911392404,VIX,2026-04-09,6831.35009765625,19.75,0.03584999799728394,0.015
20.0,2.815,1.3863659933430892,0.07123287671232877,2026-05-06,1.0126582278481013,VIX,2026-04-09,6831.35009765625,19.75,0.03584999799728394,0.015
22.0,2.1799999999999997,1.4319662599494352,0.07123287671232877,2026-05-06,1.1139240506329113,VIX,2026-04-09,6831.35009765625,19.75,0.03584999799728394,0.015
23.0,1.855,1.419357714046177,0.07123287671232877,2026-05-06,1.1645569620253164,VIX,2026-04-09,6831.35009765625,19.75,0.03584999799728394,0.015
24.0,1.685,1.4642683088812896,0.07123287671232877,2026-05-06,1.2151898734177216,VIX,2026-04-09,6831.35009765625,19.75,0.03584999799728394,0.015
25.0,1.4849999999999999,1.479250371987372,0.07123287671232877,2026-05-06,1.2658227848101267,VIX,2026-04-09,6831.35009765625,19.75,0.03584999799728394,0.015
26.0,1.335,1.5063101084971242,0.07123287671232877,2026-05-06,1.3164556962025316,VIX,2026-04-09,6831.35009765625,19.75,0.03584999799728394,0.015
27.0,1.185,1.5213286727541395,0.07123287671232877,2026-05-06,1.3670886075949367,VIX,2026-04-09,6831.35009765625,19.75,0.03584999799728394,0.015
28.0,1.1400000000000001,1.5853468411708196,0.07123287671232877,2026-05-06,1.4177215189873418,VIX,2026-04-09,6831.35009765625,19.75,0.03584999799728394,0.015
30.0,0.95,1.6330638785266736,0.07123287671232877,2026-05-06,1.518987341772152,VIX,2026-04-09,6831.35009765625,19.75,0.03584999799728394,0.015
31.0,0.725,1.55731602164333,0.07123287671232877,2026-05-06,1.5696202531645569,VIX,2026-04-09,6831.35009765625,19.75,0.03584999799728394,0.015
32.0,0.61,1.540400854466442,0.07123287671232877,2026-05-06,1.620253164556962,VIX,2026-04-09,6831.35009765625,19.75,0.03584999799728394,0.015
33.0,0.67,1.6481098262852436,0.07123287671232877,2026-05-06,1.6708860759493671,VIX,2026-04-09,6831.35009765625,19.75,0.03584999799728394,0.015
35.0,0.55,1.6710238453279336,0.07123287671232877,2026-05-06,1.7721518987341771,VIX,2026-04-09,6831.35009765625,19.75,0.03584999799728394,0.015
37.0,0.505,1.7380019843333991,0.07123287671232877,2026-05-06,1.8734177215189873,VIX,2026-04-09,6831.35009765625,19.75,0.03584999799728394,0.015
38.0,0.47,1.7555661594898238,0.07123287671232877,2026-05-06,1.9240506329113924,VIX,2026-04-09,6831.35009765625,19.75,0.03584999799728394,0.015
39.0,0.46499999999999997,1.7981796576354108,0.07123287671232877,2026-05-06,1.9746835443037976,VIX,2026-04-09,6831.35009765625,19.75,0.03584999799728394,0.015
20.0,3.075,1.2302123419784223,0.10684931506849316,2026-05-19,1.0126582278481013,VIX,2026-04-09,6831.35009765625,19.75,0.03584999799728394,0.015
20.5,2.87,1.2279388904668604,0.10684931506849316,2026-05-19,1.0379746835443038,VIX,2026-04-09,6831.35009765625,19.75,0.03584999799728394,0.015
21.0,2.72,1.2425798807114834,0.10684931506849316,2026-05-19,1.0632911392405062,VIX,2026-04-09,6831.35009765625,19.75,0.03584999799728394,0.015
21.5,2.5549999999999997,1.2470318231241933,0.10684931506849316,2026-05-19,1.0886075949367089,VIX,2026-04-09,6831.35009765625,19.75,0.03584999799728394,0.015
22.0,2.425,1.2610225487715574,0.10684931506849316,2026-05-19,1.1139240506329113,VIX,2026-04-09,6831.35009765625,19.75,0.03584999799728394,0.015
22.5,2.285,1.2673319439247783,0.10684931506849316,2026-05-19,1.139240506329114,VIX,2026-04-09,6831.35009765625,19.75,0.03584999799728394,0.015
23.0,2.185,1.285734878935417,0.10684931506849316,2026-05-19,1.1645569620253164,VIX,2026-04-09,6831.35009765625,19.75,0.03584999799728394,0.015
23.5,2.065,1.293018874554652,0.10684931506849316,2026-05-19,1.1898734177215189,VIX,2026-04-09,6831.35009765625,19.75,0.03584999799728394,0.015
24.0,1.9649999999999999,1.3051145558791872,0.10684931506849316,2026-05-19,1.2151898734177216,VIX,2026-04-09,6831.35009765625,19.75,0.03584999799728394,0.015
24.5,1.875,1.3183594739782785,0.10684931506849316,2026-05-19,1.240506329113924,VIX,2026-04-09,6831.35009765625,19.75,0.03584999799728394,0.015
25.0,1.78,1.3268932215761813,0.10684931506849316,2026-05-19,1.2658227848101267,VIX,2026-04-09,6831.35009765625,19.75,0.03584999799728394,0.015
26.0,1.635,1.3550611881774202,0.10684931506849316,2026-05-19,1.3164556962025316,VIX,2026-04-09,6831.35009765625,19.75,0.03584999799728394,0.015
27.0,1.5,1.3787761011688564,0.10684931506849316,2026-05-19,1.3670886075949367,VIX,2026-04-09,6831.35009765625,19.75,0.03584999799728394,0.015
28.0,1.38,1.401219283888124,0.10684931506849316,2026-05-19,1.4177215189873418,VIX,2026-04-09,6831.35009765625,19.75,0.03584999799728394,0.015
29.0,1.275,1.423456609238714,0.10684931506849316,2026-05-19,1.4683544303797469,VIX,2026-04-09,6831.35009765625,19.75,0.03584999799728394,0.015
30.0,1.2,1.4536478972156845,0.10684931506849316,2026-05-19,1.518987341772152,VIX,2026-04-09,6831.35009765625,19.75,0.03584999799728394,0.015
31.0,1.1099999999999999,1.4713951211559635,0.10684931506849316,2026-05-19,1.5696202531645569,VIX,2026-04-09,6831.35009765625,19.75,0.03584999799728394,0.015
32.0,1.04,1.4939945234309302,0.10684931506849316,2026-05-19,1.620253164556962,VIX,2026-04-09,6831.35009765625,19.75,0.03584999799728394,0.015
33.0,0.975,1.514773994541102,0.10684931506849316,2026-05-19,1.6708860759493671,VIX,2026-04-09,6831.35009765625,19.75,0.03584999799728394,0.015
34.0,0.9199999999999999,1.536888714603891,0.10684931506849316,2026-05-19,1.7215189873417722,VIX,2026-04-09,6831.35009765625,19.75,0.03584999799728394,0.015
35.0,0.86,1.5525718471872,0.10684931506849316,2026-05-19,1.7721518987341771,VIX,2026-04-09,6831.35009765625,19.75,0.03584999799728394,0.015
36.0,0.8200000000000001,1.5762303590581972,0.10684931506849316,2026-05-19,1.8227848101265822,VIX,2026-04-09,6831.35009765625,19.75,0.03584999799728394,0.015
37.0,0.77,1.5910408934304878,0.10684931506849316,2026-05-19,1.8734177215189873,VIX,2026-04-09,6831.35009765625,19.75,0.03584999799728394,0.015
38.0,0.73,1.6089499456686538,0.10684931506849316,2026-05-19,1.9240506329113924,VIX,2026-04-09,6831.35009765625,19.75,0.03584999799728394,0.015
39.0,0.69,1.624194222362899,0.10684931506849316,2026-05-19,1.9746835443037976,VIX,2026-04-09,6831.35009765625,19.75,0.03584999799728394,0.015
40.0,0.645,1.6334648544302943,0.10684931506849316,2026-05-19,2.0253164556962027,VIX,2026-04-09,6831.35009765625,19.75,0.03584999799728394,0.015
42.5,0.5700000000000001,1.6716753742418997,0.10684931506849316,2026-05-19,2.151898734177215,VIX,2026-04-09,6831.35009765625,19.75,0.03584999799728394,0.015
45.0,0.495,1.6969951722457726,0.10684931506849316,2026-05-19,2.278481012658228,VIX,2026-04-09,6831.35009765625,19.75,0.03584999799728394,0.015
47.5,0.43999999999999995,1.726830583933049,0.10684931506849316,2026-05-19,2.4050632911392404,VIX,2026-04-09,6831.35009765625,19.75,0.03584999799728394,0.015
50.0,0.395,1.7560476689147988,0.10684931506849316,2026-05-19,2.5316455696202533,VIX,2026-04-09,6831.35009765625,19.75,0.03584999799728394,0.015
55.0,0.32,1.805372175033116,0.10684931506849316,2026-05-19,2.7848101265822787,VIX,2026-04-09,6831.35009765625,19.75,0.03584999799728394,0.015
20.0,3.625,1.0897832064310609,0.1863013698630137,2026-06-17,1.0126582278481013,VIX,2026-04-09,6831.35009765625,19.75,0.03584999799728394,0.015
21.0,3.2750000000000004,1.0985471595001837,0.1863013698630137,2026-06-17,1.0632911392405062,VIX,2026-04-09,6831.35009765625,19.75,0.03584999799728394,0.015
22.0,3.0,1.1181570785937622,0.1863013698630137,2026-06-17,1.1139240506329113,VIX,2026-04-09,6831.35009765625,19.75,0.03584999799728394,0.015
23.0,2.74,1.132132415051049,0.1863013698630137,2026-06-17,1.1645569620253164,VIX,2026-04-09,6831.35009765625,19.75,0.03584999799728394,0.015
24.0,2.52,1.1490648429363979,0.1863013698630137,2026-06-17,1.2151898734177216,VIX,2026-04-09,6831.35009765625,19.75,0.03584999799728394,0.015
25.0,2.3449999999999998,1.1716426796636779,0.1863013698630137,2026-06-17,1.2658227848101267,VIX,2026-04-09,6831.35009765625,19.75,0.03584999799728394,0.015
26.0,2.165,1.185905689776241,0.1863013698630137,2026-06-17,1.3164556962025316,VIX,2026-04-09,6831.35009765625,19.75,0.03584999799728394,0.015
27.0,2.02,1.2047559757563107,0.1863013698630137,2026-06-17,1.3670886075949367,VIX,2026-04-09,6831.35009765625,19.75,0.03584999799728394,0.015
28.0,1.88,1.2197592893223885,0.1863013698630137,2026-06-17,1.4177215189873418,VIX,2026-04-09,6831.35009765625,19.75,0.03584999799728394,0.015
29.0,1.775,1.2410922756767606,0.1863013698630137,2026-06-17,1.4683544303797469,VIX,2026-04-09,6831.35009765625,19.75,0.03584999799728394,0.015
30.0,1.6749999999999998,1.2598821485223368,0.1863013698630137,2026-06-17,1.518987341772152,VIX,2026-04-09,6831.35009765625,19.75,0.03584999799728394,0.015
31.0,1.5750000000000002,1.2748198185107384,0.1863013698630137,2026-06-17,1.5696202531645569,VIX,2026-04-09,6831.35009765625,19.75,0.03584999799728394,0.015
32.0,1.5,1.2947871432600604,0.1863013698630137,2026-06-17,1.620253164556962,VIX,2026-04-09,6831.35009765625,19.75,0.03584999799728394,0.015
33.0,1.415,1.3081622132281276,0.1863013698630137,2026-06-17,1.6708860759493671,VIX,2026-04-09,6831.35009765625,19.75,0.03584999799728394,0.015
34.0,1.35,1.3257555641297345,0.1863013698630137,2026-06-17,1.7215189873417722,VIX,2026-04-09,6831.35009765625,19.75,0.03584999799728394,0.015
35.0,1.275,1.3370456120766532,0.1863013698630137,2026-06-17,1.7721518987341771,VIX,2026-04-09,6831.35009765625,19.75,0.03584999799728394,0.015
36.0,1.21,1.3495097165071914,0.1863013698630137,2026-06-17,1.8227848101265822,VIX,2026-04-09,6831.35009765625,19.75,0.03584999799728394,0.015
37.0,1.165,1.3674509264238153,0.1863013698630137,2026-06-17,1.8734177215189873,VIX,2026-04-09,6831.35009765625,19.75,0.03584999799728394,0.015
38.0,1.105,1.3774634657458154,0.1863013698630137,2026-06-17,1.9240506329113924,VIX,2026-04-09,6831.35009765625,19.75,0.03584999799728394,0.015
39.0,1.0550000000000002,1.3894733077371524,0.1863013698630137,2026-06-17,1.9746835443037976,VIX,2026-04-09,6831.35009765625,19.75,0.03584999799728394,0.015
40.0,1.02,1.4059576294277902,0.1863013698630137,2026-06-17,2.0253164556962027,VIX,2026-04-09,6831.35009765625,19.75,0.03584999799728394,0.015
42.5,0.905,1.4283997676649938,0.1863013698630137,2026-06-17,2.151898734177215,VIX,2026-04-09,6831.35009765625,19.75,0.03584999799728394,0.015
45.0,0.815,1.452613027012409,0.1863013698630137,2026-06-17,2.278481012658228,VIX,2026-04-09,6831.35009765625,19.75,0.03584999799728394,0.015
47.5,0.745,1.4786766673090883,0.1863013698630137,2026-06-17,2.4050632911392404,VIX,2026-04-09,6831.35009765625,19.75,0.03584999799728394,0.015
50.0,0.6699999999999999,1.4952520711912245,0.1863013698630137,2026-06-17,2.5316455696202533,VIX,2026-04-09,6831.35009765625,19.75,0.03584999799728394,0.015
55.0,0.56,1.5321822699304637,0.1863013698630137,2026-06-17,2.7848101265822787,VIX,2026-04-09,6831.35009765625,19.75,0.03584999799728394,0.015
20.0,4.2,1.0203784965474094,0.2821917808219178,2026-07-22,1.0126582278481013,VIX,2026-04-09,6831.35009765625,19.75,0.03584999799728394,0.015
21.0,3.825,1.0192633515435718,0.2821917808219178,2026-07-22,1.0632911392405062,VIX,2026-04-09,6831.35009765625,19.75,0.03584999799728394,0.015
22.0,3.5250000000000004,1.0283805664478443,0.2821917808219178,2026-07-22,1.1139240506329113,VIX,2026-04-09,6831.35009765625,19.75,0.03584999799728394,0.015
23.0,3.2249999999999996,1.0302649970044007,0.2821917808219178,2026-07-22,1.1645569620253164,VIX,2026-04-09,6831.35009765625,19.75,0.03584999799728394,0.015
24.0,3.0,1.0435795332510978,0.2821917808219178,2026-07-22,1.2151898734177216,VIX,2026-04-09,6831.35009765625,19.75,0.03584999799728394,0.015
25.0,2.7800000000000002,1.0522678520956645,0.2821917808219178,2026-07-22,1.2658227848101267,VIX,2026-04-09,6831.35009765625,19.75,0.03584999799728394,0.015
26.0,2.5949999999999998,1.0641690535134571,0.2821917808219178,2026-07-22,1.3164556962025316,VIX,2026-04-09,6831.35009765625,19.75,0.03584999799728394,0.015
27.0,2.435,1.077515366138135,0.2821917808219178,2026-07-22,1.3670886075949367,VIX,2026-04-09,6831.35009765625,19.75,0.03584999799728394,0.015
28.0,2.285,1.089167405916266,0.2821917808219178,2026-07-22,1.4177215189873418,VIX,2026-04-09,6831.35009765625,19.75,0.03584999799728394,0.015
29.0,2.1550000000000002,1.102072014135336,0.2821917808219178,2026-07-22,1.4683544303797469,VIX,2026-04-09,6831.35009765625,19.75,0.03584999799728394,0.015
30.0,2.035,1.1141487509513075,0.2821917808219178,2026-07-22,1.518987341772152,VIX,2026-04-09,6831.35009765625,19.75,0.03584999799728394,0.015
31.0,1.93,1.1270591057265387,0.2821917808219178,2026-07-22,1.5696202531645569,VIX,2026-04-09,6831.35009765625,19.75,0.03584999799728394,0.015
32.0,1.83,1.1385217733527657,0.2821917808219178,2026-07-22,1.620253164556962,VIX,2026-04-09,6831.35009765625,19.75,0.03584999799728394,0.015
33.0,1.745,1.1514970625376058,0.2821917808219178,2026-07-22,1.6708860759493671,VIX,2026-04-09,6831.35009765625,19.75,0.03584999799728394,0.015
34.0,1.665,1.1635708105688456,0.2821917808219178,2026-07-22,1.7215189873417722,VIX,2026-04-09,6831.35009765625,19.75,0.03584999799728394,0.015
35.0,1.5899999999999999,1.1749407313368703,0.2821917808219178,2026-07-22,1.7721518987341771,VIX,2026-04-09,6831.35009765625,19.75,0.03584999799728394,0.015
36.0,1.52,1.1857903218905634,0.2821917808219178,2026-07-22,1.8227848101265822,VIX,2026-04-09,6831.35009765625,19.75,0.03584999799728394,0.015
37.0,1.455,1.1962927228131917,0.2821917808219178,2026-07-22,1.8734177215189873,VIX,2026-04-09,6831.35009765625,19.75,0.03584999799728394,0.015
38.0,1.395,1.2066120911506777,0.2821917808219178,2026-07-22,1.9240506329113924,VIX,2026-04-09,6831.35009765625,19.75,0.03584999799728394,0.015
39.0,1.3399999999999999,1.216905934792893,0.2821917808219178,2026-07-22,1.9746835443037976,VIX,2026-04-09,6831.35009765625,19.75,0.03584999799728394,0.015
40.0,1.2850000000000001,1.2257526224648125,0.2821917808219178,2026-07-22,2.0253164556962027,VIX,2026-04-09,6831.35009765625,19.75,0.03584999799728394,0.015
42.5,1.17,1.2493002624082477,0.2821917808219178,2026-07-22,2.151898734177215,VIX,2026-04-09,6831.35009765625,19.75,0.03584999799728394,0.015
45.0,1.06,1.2672159970697383,0.2821917808219178,2026-07-22,2.278481012658228,VIX,2026-04-09,6831.35009765625,19.75,0.03584999799728394,0.015
47.5,0.97,1.2857245640077193,0.2821917808219178,2026-07-22,2.4050632911392404,VIX,2026-04-09,6831.35009765625,19.75,0.03584999799728394,0.015
50.0,0.91,1.3101155347519644,0.2821917808219178,2026-07-22,2.5316455696202533,VIX,2026-04-09,6831.35009765625,19.75,0.03584999799728394,0.015
55.0,0.75,1.3293655250445313,0.2821917808219178,2026-07-22,2.7848101265822787,VIX,2026-04-09,6831.35009765625,19.75,0.03584999799728394,0.015
20.0,4.375,0.93860613035446,0.3589041095890411,2026-08-19,1.0126582278481013,VIX,2026-04-09,6831.35009765625,19.75,0.03584999799728394,0.015
21.0,4.025,0.9425143298377121,0.3589041095890411,2026-08-19,1.0632911392405062,VIX,2026-04-09,6831.35009765625,19.75,0.03584999799728394,0.015
22.0,3.675,0.9396748131507621,0.3589041095890411,2026-08-19,1.1139240506329113,VIX,2026-04-09,6831.35009765625,19.75,0.03584999799728394,0.015
23.0,3.4000000000000004,0.9466931000552132,0.3589041095890411,2026-08-19,1.1645569620253164,VIX,2026-04-09,6831.35009765625,19.75,0.03584999799728394,0.015
24.0,3.1500000000000004,0.9534042786691452,0.3589041095890411,2026-08-19,1.2151898734177216,VIX,2026-04-09,6831.35009765625,19.75,0.03584999799728394,0.015
25.0,2.94,0.9635630144230485,0.3589041095890411,2026-08-19,1.2658227848101267,VIX,2026-04-09,6831.35009765625,19.75,0.03584999799728394,0.015
26.0,2.74,0.9713299134508376,0.3589041095890411,2026-08-19,1.3164556962025316,VIX,2026-04-09,6831.35009765625,19.75,0.03584999799728394,0.015
27.0,2.57,0.9814683819661468,0.3589041095890411,2026-08-19,1.3670886075949367,VIX,2026-04-09,6831.35009765625,19.75,0.03584999799728394,0.015
28.0,2.42,0.9923117373770652,0.3589041095890411,2026-08-19,1.4177215189873418,VIX,2026-04-09,6831.35009765625,19.75,0.03584999799728394,0.015
29.0,2.2800000000000002,1.0020728137327,0.3589041095890411,2026-08-19,1.4683544303797469,VIX,2026-04-09,6831.35009765625,19.75,0.03584999799728394,0.015
30.0,2.16,1.013333873461157,0.3589041095890411,2026-08-19,1.518987341772152,VIX,2026-04-09,6831.35009765625,19.75,0.03584999799728394,0.015
31.0,2.045,1.0230482804699637,0.3589041095890411,2026-08-19,1.5696202531645569,VIX,2026-04-09,6831.35009765625,19.75,0.03584999799728394,0.015
32.0,1.95,1.0349477217270586,0.3589041095890411,2026-08-19,1.620253164556962,VIX,2026-04-09,6831.35009765625,19.75,0.03584999799728394,0.015
33.0,1.85,1.043455185513375,0.3589041095890411,2026-08-19,1.6708860759493671,VIX,2026-04-09,6831.35009765625,19.75,0.03584999799728394,0.015
34.0,1.7650000000000001,1.053481693495752,0.3589041095890411,2026-08-19,1.7215189873417722,VIX,2026-04-09,6831.35009765625,19.75,0.03584999799728394,0.015
35.0,1.685,1.0628541054014888,0.3589041095890411,2026-08-19,1.7721518987341771,VIX,2026-04-09,6831.35009765625,19.75,0.03584999799728394,0.015
36.0,1.6099999999999999,1.0717300391143054,0.3589041095890411,2026-08-19,1.8227848101265822,VIX,2026-04-09,6831.35009765625,19.75,0.03584999799728394,0.015
37.0,1.545,1.0815455838614454,0.3589041095890411,2026-08-19,1.8734177215189873,VIX,2026-04-09,6831.35009765625,19.75,0.03584999799728394,0.015
38.0,1.48,1.0898907475860304,0.3589041095890411,2026-08-19,1.9240506329113924,VIX,2026-04-09,6831.35009765625,19.75,0.03584999799728394,0.015
39.0,1.42,1.0981628697119858,0.3589041095890411,2026-08-19,1.9746835443037976,VIX,2026-04-09,6831.35009765625,19.75,0.03584999799728394,0.015
40.0,1.365,1.1064916823009614,0.3589041095890411,2026-08-19,2.0253164556962027,VIX,2026-04-09,6831.35009765625,19.75,0.03584999799728394,0.015
42.5,1.24,1.1256859019833103,0.3589041095890411,2026-08-19,2.151898734177215,VIX,2026-04-09,6831.35009765625,19.75,0.03584999799728394,0.015
45.0,1.125,1.1412189251201992,0.3589041095890411,2026-08-19,2.278481012658228,VIX,2026-04-09,6831.35009765625,19.75,0.03584999799728394,0.015
47.5,1.0350000000000001,1.1587035184707117,0.3589041095890411,2026-08-19,2.4050632911392404,VIX,2026-04-09,6831.35009765625,19.75,0.03584999799728394,0.015
50.0,0.95,1.1729481951720255,0.3589041095890411,2026-08-19,2.5316455696202533,VIX,2026-04-09,6831.35009765625,19.75,0.03584999799728394,0.015
55.0,0.8049999999999999,1.1972475263525755,0.3589041095890411,2026-08-19,2.7848101265822787,VIX,2026-04-09,6831.35009765625,19.75,0.03584999799728394,0.015
20.0,4.65,0.9029413093612251,0.43561643835616437,2026-09-16,1.0126582278481013,VIX,2026-04-09,6831.35009765625,19.75,0.03584999799728394,0.015
21.0,4.225,0.8908189686455039,0.43561643835616437,2026-09-16,1.0632911392405062,VIX,2026-04-09,6831.35009765625,19.75,0.03584999799728394,0.015
22.0,3.875,0.8879193852881397,0.43561643835616437,2026-09-16,1.1139240506329113,VIX,2026-04-09,6831.35009765625,19.75,0.03584999799728394,0.015
23.0,3.6,0.8942256666301084,0.43561643835616437,2026-09-16,1.1645569620253164,VIX,2026-04-09,6831.35009765625,19.75,0.03584999799728394,0.015
24.0,3.4000000000000004,0.9100503656850003,0.43561643835616437,2026-09-16,1.2151898734177216,VIX,2026-04-09,6831.35009765625,19.75,0.03584999799728394,0.015
25.0,3.175,0.9166630735746722,0.43561643835616437,2026-09-16,1.2658227848101267,VIX,2026-04-09,6831.35009765625,19.75,0.03584999799728394,0.015
26.0,2.9299999999999997,0.9154184896206703,0.43561643835616437,2026-09-16,1.3164556962025316,VIX,2026-04-09,6831.35009765625,19.75,0.03584999799728394,0.015
27.0,2.75,0.9231263443049718,0.43561643835616437,2026-09-16,1.3670886075949367,VIX,2026-04-09,6831.35009765625,19.75,0.03584999799728394,0.015
28.0,2.59,0.9314998994144658,0.43561643835616437,2026-09-16,1.4177215189873418,VIX,2026-04-09,6831.35009765625,19.75,0.03584999799728394,0.015
29.0,2.4450000000000003,0.9399063495327462,0.43561643835616437,2026-09-16,1.4683544303797469,VIX,2026-04-09,6831.35009765625,19.75,0.03584999799728394,0.015
30.0,2.335,0.952717248147273,0.43561643835616437,2026-09-16,1.518987341772152,VIX,2026-04-09,6831.35009765625,19.75,0.03584999799728394,0.015
31.0,2.1950000000000003,0.9570274400368111,0.43561643835616437,2026-09-16,1.5696202531645569,VIX,2026-04-09,6831.35009765625,19.75,0.03584999799728394,0.015
32.0,2.08,0.9642000187843562,0.43561643835616437,2026-09-16,1.620253164556962,VIX,2026-04-09,6831.35009765625,19.75,0.03584999799728394,0.015
33.0,1.9849999999999999,0.9735445094355168,0.43561643835616437,2026-09-16,1.6708860759493671,VIX,2026-04-09,6831.35009765625,19.75,0.03584999799728394,0.015
34.0,1.8900000000000001,0.9810450915371116,0.43561643835616437,2026-09-16,1.7215189873417722,VIX,2026-04-09,6831.35009765625,19.75,0.03584999799728394,0.015
35.0,1.8050000000000002,0.988999874301873,0.43561643835616437,2026-09-16,1.7721518987341771,VIX,2026-04-09,6831.35009765625,19.75,0.03584999799728394,0.015
36.0,1.73,0.9976052642454721,0.43561643835616437,2026-09-16,1.8227848101265822,VIX,2026-04-09,6831.35009765625,19.75,0.03584999799728394,0.015
37.0,1.6600000000000001,1.0059076898900092,0.43561643835616437,2026-09-16,1.8734177215189873,VIX,2026-04-09,6831.35009765625,19.75,0.03584999799728394,0.015
38.0,1.5899999999999999,1.0128653334490436,0.43561643835616437,2026-09-16,1.9240506329113924,VIX,2026-04-09,6831.35009765625,19.75,0.03584999799728394,0.015
39.0,1.525,1.0197188462645757,0.43561643835616437,2026-09-16,1.9746835443037976,VIX,2026-04-09,6831.35009765625,19.75,0.03584999799728394,0.015
40.0,1.4649999999999999,1.0265802950298857,0.43561643835616437,2026-09-16,2.0253164556962027,VIX,2026-04-09,6831.35009765625,19.75,0.03584999799728394,0.015
42.5,1.33,1.0427304856269308,0.43561643835616437,2026-09-16,2.151898734177215,VIX,2026-04-09,6831.35009765625,19.75,0.03584999799728394,0.015
45.0,1.2149999999999999,1.0580745915945446,0.43561643835616437,2026-09-16,2.278481012658228,VIX,2026-04-09,6831.35009765625,19.75,0.03584999799728394,0.015
47.5,1.115,1.072350531909794,0.43561643835616437,2026-09-16,2.4050632911392404,VIX,2026-04-09,6831.35009765625,19.75,0.03584999799728394,0.015
50.0,1.025,1.0849731707615289,0.43561643835616437,2026-09-16,2.5316455696202533,VIX,2026-04-09,6831.35009765625,19.75,0.03584999799728394,0.015
55.0,0.875,1.107737906931832,0.43561643835616437,2026-09-16,2.7848101265822787,VIX,2026-04-09,6831.35009765625,19.75,0.03584999799728394,0.015
20.0,4.8,0.8400980174610263,0.5315068493150685,2026-10-21,1.0126582278481013,VIX,2026-04-09,6831.35009765625,19.75,0.03584999799728394,0.015
21.0,4.425000000000001,0.8376958247525805,0.5315068493150685,2026-10-21,1.0632911392405062,VIX,2026-04-09,6831.35009765625,19.75,0.03584999799728394,0.015
22.0,4.1,0.8391798027963054,0.5315068493150685,2026-10-21,1.1139240506329113,VIX,2026-04-09,6831.35009765625,19.75,0.03584999799728394,0.015
23.0,3.75,0.8316690325847609,0.5315068493150685,2026-10-21,1.1645569620253164,VIX,2026-04-09,6831.35009765625,19.75,0.03584999799728394,0.015
24.0,3.55,0.8461040212605457,0.5315068493150685,2026-10-21,1.2151898734177216,VIX,2026-04-09,6831.35009765625,19.75,0.03584999799728394,0.015
25.0,3.3,0.8479195583091581,0.5315068493150685,2026-10-21,1.2658227848101267,VIX,2026-04-09,6831.35009765625,19.75,0.03584999799728394,0.015
26.0,3.1,0.8549263907669182,0.5315068493150685,2026-10-21,1.3164556962025316,VIX,2026-04-09,6831.35009765625,19.75,0.03584999799728394,0.015
27.0,2.92,0.8622570794686324,0.5315068493150685,2026-10-21,1.3670886075949367,VIX,2026-04-09,6831.35009765625,19.75,0.03584999799728394,0.015
28.0,2.755,0.8693563296436438,0.5315068493150685,2026-10-21,1.4177215189873418,VIX,2026-04-09,6831.35009765625,19.75,0.03584999799728394,0.015
29.0,2.605,0.8765124481092715,0.5315068493150685,2026-10-21,1.4683544303797469,VIX,2026-04-09,6831.35009765625,19.75,0.03584999799728394,0.015
30.0,2.4699999999999998,0.8839945716488843,0.5315068493150685,2026-10-21,1.518987341772152,VIX,2026-04-09,6831.35009765625,19.75,0.03584999799728394,0.015
31.0,2.3449999999999998,0.8911368704060375,0.5315068493150685,2026-10-21,1.5696202531645569,VIX,2026-04-09,6831.35009765625,19.75,0.03584999799728394,0.015
32.0,2.2249999999999996,0.8972081813744852,0.5315068493150685,2026-10-21,1.620253164556962,VIX,2026-04-09,6831.35009765625,19.75,0.03584999799728394,0.015
33.0,2.115,0.9033078580649513,0.5315068493150685,2026-10-21,1.6708860759493671,VIX,2026-04-09,6831.35009765625,19.75,0.03584999799728394,0.015
34.0,2.02,0.9105840264044149,0.5315068493150685,2026-10-21,1.7215189873417722,VIX,2026-04-09,6831.35009765625,19.75,0.03584999799728394,0.015
35.0,1.9300000000000002,0.9172936294783903,0.5315068493150685,2026-10-21,1.7721518987341771,VIX,2026-04-09,6831.35009765625,19.75,0.03584999799728394,0.015
36.0,1.85,0.9245569112274118,0.5315068493150685,2026-10-21,1.8227848101265822,VIX,2026-04-09,6831.35009765625,19.75,0.03584999799728394,0.015
37.0,1.77,0.930504925053635,0.5315068493150685,2026-10-21,1.8734177215189873,VIX,2026-04-09,6831.35009765625,19.75,0.03584999799728394,0.015
38.0,1.7,0.9372615878134648,0.5315068493150685,2026-10-21,1.9240506329113924,VIX,2026-04-09,6831.35009765625,19.75,0.03584999799728394,0.015
39.0,1.63,0.9428768944292628,0.5315068493150685,2026-10-21,1.9746835443037976,VIX,2026-04-09,6831.35009765625,19.75,0.03584999799728394,0.015
40.0,1.565,0.9484645580275093,0.5315068493150685,2026-10-21,2.0253164556962027,VIX,2026-04-09,6831.35009765625,19.75,0.03584999799728394,0.015
42.5,1.425,0.9630674069071784,0.5315068493150685,2026-10-21,2.151898734177215,VIX,2026-04-09,6831.35009765625,19.75,0.03584999799728394,0.015
45.0,1.295,0.9745130676430105,0.5315068493150685,2026-10-21,2.278481012658228,VIX,2026-04-09,6831.35009765625,19.75,0.03584999799728394,0.015
47.5,1.185,0.9859238674064388,0.5315068493150685,2026-10-21,2.4050632911392404,VIX,2026-04-09,6831.35009765625,19.75,0.03584999799728394,0.015
50.0,1.08,0.9943522472939906,0.5315068493150685,2026-10-21,2.5316455696202533,VIX,2026-04-09,6831.35009765625,19.75,0.03584999799728394,0.015
55.0,0.9299999999999999,1.0164289602059737,0.5315068493150685,2026-10-21,2.7848101265822787,VIX,2026-04-09,6831.35009765625,19.75,0.03584999799728394,0.015
20.0,5.05,0.8247156629504173,0.6082191780821918,2026-11-18,1.0126582278481013,VIX,2026-04-09,6831.35009765625,19.75,0.03584999799728394,0.015
21.0,4.725,0.8301088170197707,0.6082191780821918,2026-11-18,1.0632911392405062,VIX,2026-04-09,6831.35009765625,19.75,0.03584999799728394,0.015
22.0,4.25,0.8060484009028127,0.6082191780821918,2026-11-18,1.1139240506329113,VIX,2026-04-09,6831.35009765625,19.75,0.03584999799728394,0.015
23.0,3.9499999999999997,0.8071049443137658,0.6082191780821918,2026-11-18,1.1645569620253164,VIX,2026-04-09,6831.35009765625,19.75,0.03584999799728394,0.015
24.0,3.6999999999999997,0.8124563783839538,0.6082191780821918,2026-11-18,1.2151898734177216,VIX,2026-04-09,6831.35009765625,19.75,0.03584999799728394,0.015
25.0,3.45,0.8142646171459529,0.6082191780821918,2026-11-18,1.2658227848101267,VIX,2026-04-09,6831.35009765625,19.75,0.03584999799728394,0.015
26.0,3.27,0.8242607225797817,0.6082191780821918,2026-11-18,1.3164556962025316,VIX,2026-04-09,6831.35009765625,19.75,0.03584999799728394,0.015
27.0,3.05,0.8248061678393188,0.6082191780821918,2026-11-18,1.3670886075949367,VIX,2026-04-09,6831.35009765625,19.75,0.03584999799728394,0.015
28.0,2.835,0.8234271786457686,0.6082191780821918,2026-11-18,1.4177215189873418,VIX,2026-04-09,6831.35009765625,19.75,0.03584999799728394,0.015
29.0,2.76,0.8428600266453914,0.6082191780821918,2026-11-18,1.4683544303797469,VIX,2026-04-09,6831.35009765625,19.75,0.03584999799728394,0.015
30.0,2.4850000000000003,0.8265303489586572,0.6082191780821918,2026-11-18,1.518987341772152,VIX,2026-04-09,6831.35009765625,19.75,0.03584999799728394,0.015
31.0,2.445,0.8478934590432459,0.6082191780821918,2026-11-18,1.5696202531645569,VIX,2026-04-09,6831.35009765625,19.75,0.03584999799728394,0.015
32.0,2.3049999999999997,0.8503999554513149,0.6082191780821918,2026-11-18,1.620253164556962,VIX,2026-04-09,6831.35009765625,19.75,0.03584999799728394,0.015
33.0,2.2199999999999998,0.8607756634389446,0.6082191780821918,2026-11-18,1.6708860759493671,VIX,2026-04-09,6831.35009765625,19.75,0.03584999799728394,0.015
34.0,2.065,0.8571582852357303,0.6082191780821918,2026-11-18,1.7215189873417722,VIX,2026-04-09,6831.35009765625,19.75,0.03584999799728394,0.015
35.0,1.93,0.8553662710648731,0.6082191780821918,2026-11-18,1.7721518987341771,VIX,2026-04-09,6831.35009765625,19.75,0.03584999799728394,0.015
36.0,1.8650000000000002,0.8649932758398146,0.6082191780821918,2026-11-18,1.8227848101265822,VIX,2026-04-09,6831.35009765625,19.75,0.03584999799728394,0.015
37.0,1.83,0.8791453064588177,0.6082191780821918,2026-11-18,1.8734177215189873,VIX,2026-04-09,6831.35009765625,19.75,0.03584999799728394,0.015
38.0,1.7449999999999999,0.8828123621620944,0.6082191780821918,2026-11-18,1.9240506329113924,VIX,2026-04-09,6831.35009765625,19.75,0.03584999799728394,0.015
39.0,1.615,0.8764674991945268,0.6082191780821918,2026-11-18,1.9746835443037976,VIX,2026-04-09,6831.35009765625,19.75,0.03584999799728394,0.015
40.0,1.5350000000000001,0.878644966579772,0.6082191780821918,2026-11-18,2.0253164556962027,VIX,2026-04-09,6831.35009765625,19.75,0.03584999799728394,0.015
42.5,1.38,0.8889082859821008,0.6082191780821918,2026-11-18,2.151898734177215,VIX,2026-04-09,6831.35009765625,19.75,0.03584999799728394,0.015
45.0,1.395,0.9308580997421222,0.6082191780821918,2026-11-18,2.278481012658228,VIX,2026-04-09,6831.35009765625,19.75,0.03584999799728394,0.015
47.5,1.21,0.9256143776997207,0.6082191780821918,2026-11-18,2.4050632911392404,VIX,2026-04-09,6831.35009765625,19.75,0.03584999799728394,0.015
50.0,1.2349999999999999,0.9643348002615602,0.6082191780821918,2026-11-18,2.5316455696202533,VIX,2026-04-09,6831.35009765625,19.75,0.03584999799728394,0.015
55.0,0.935,0.9498373529792216,0.6082191780821918,2026-11-18,2.7848101265822787,VIX,2026-04-09,6831.35009765625,19.75,0.03584999799728394,0.015
20.0,4.925,0.7535658493634998,0.684931506849315,2026-12-16,1.0126582278481013,VIX,2026-04-09,6831.35009765625,19.75,0.03584999799728394,0.015
21.0,4.449999999999999,0.7355329372796111,0.684931506849315,2026-12-16,1.0632911392405062,VIX,2026-04-09,6831.35009765625,19.75,0.03584999799728394,0.015
22.0,4.125,0.7370964396391615,0.684931506849315,2026-12-16,1.1139240506329113,VIX,2026-04-09,6831.35009765625,19.75,0.03584999799728394,0.015
23.0,3.875,0.7461233038874638,0.684931506849315,2026-12-16,1.1645569620253164,VIX,2026-04-09,6831.35009765625,19.75,0.03584999799728394,0.015
24.0,3.675,0.7590148675543502,0.684931506849315,2026-12-16,1.2151898734177216,VIX,2026-04-09,6831.35009765625,19.75,0.03584999799728394,0.015
25.0,3.7,0.8030032526121006,0.684931506849315,2026-12-16,1.2658227848101267,VIX,2026-04-09,6831.35009765625,19.75,0.03584999799728394,0.015
26.0,3.315,0.7810934272187869,0.684931506849315,2026-12-16,1.3164556962025316,VIX,2026-04-09,6831.35009765625,19.75,0.03584999799728394,0.015
27.0,3.1799999999999997,0.7948542435660361,0.684931506849315,2026-12-16,1.3670886075949367,VIX,2026-04-09,6831.35009765625,19.75,0.03584999799728394,0.015
28.0,2.955,0.7922484310351176,0.684931506849315,2026-12-16,1.4177215189873418,VIX,2026-04-09,6831.35009765625,19.75,0.03584999799728394,0.015
29.0,2.875,0.8099656346924814,0.684931506849315,2026-12-16,1.4683544303797469,VIX,2026-04-09,6831.35009765625,19.75,0.03584999799728394,0.015
30.0,2.785,0.8242461215661198,0.684931506849315,2026-12-16,1.518987341772152,VIX,2026-04-09,6831.35009765625,19.75,0.03584999799728394,0.015
31.0,2.4850000000000003,0.8032388155161386,0.684931506849315,2026-12-16,1.5696202531645569,VIX,2026-04-09,6831.35009765625,19.75,0.03584999799728394,0.015
32.0,2.3449999999999998,0.8057522391863865,0.684931506849315,2026-12-16,1.620253164556962,VIX,2026-04-09,6831.35009765625,19.75,0.03584999799728394,0.015
33.0,2.2199999999999998,0.8090360755425715,0.684931506849315,2026-12-16,1.6708860759493671,VIX,2026-04-09,6831.35009765625,19.75,0.03584999799728394,0.015
34.0,2.1799999999999997,0.8250313043964005,0.684931506849315,2026-12-16,1.7215189873417722,VIX,2026-04-09,6831.35009765625,19.75,0.03584999799728394,0.015
35.0,2.21,0.8517042872803284,0.684931506849315,2026-12-16,1.7721518987341771,VIX,2026-04-09,6831.35009765625,19.75,0.03584999799728394,0.015
39.0,1.6099999999999999,0.823124535137284,0.684931506849315,2026-12-16,1.9746835443037976,VIX,2026-04-09,6831.35009765625,19.75,0.03584999799728394,0.015
40.0,1.5350000000000001,0.8261375447569694,0.684931506849315,2026-12-16,2.0253164556962027,VIX,2026-04-09,6831.35009765625,19.75,0.03584999799728394,0.015
42.5,1.3900000000000001,0.8378692985756077,0.684931506849315,2026-12-16,2.151898734177215,VIX,2026-04-09,6831.35009765625,19.75,0.03584999799728394,0.015
45.0,1.28,0.8518931615682103,0.684931506849315,2026-12-16,2.278481012658228,VIX,2026-04-09,6831.35009765625,19.75,0.03584999799728394,0.015
47.5,1.17,0.8618934818753907,0.684931506849315,2026-12-16,2.4050632911392404,VIX,2026-04-09,6831.35009765625,19.75,0.03584999799728394,0.015
50.0,1.25,0.9103106328535607,0.684931506849315,2026-12-16,2.5316455696202533,VIX,2026-04-09,6831.35009765625,19.75,0.03584999799728394,0.015
55.0,0.965,0.9009072763819105,0.684931506849315,2026-12-16,2.7848101265822787,VIX,2026-04-09,6831.35009765625,19.75,0.03584999799728394,0.015
